variance,max H,max S,max V,H*S,ok not ok
5387,174,204,255,35496,1
1955,175,214,255,37450,1
628,177,226,255,40002,1
219,175,225,255,39375,1
142,178,214,255,38092,1
104,179,199,255,35621,1
109,179,188,255,33652,1
138,179,178,255,31862,1
235,179,173,255,30967,1
429,179,157,255,28103,1
689,177,155,255,27435,1
951,178,148,255,26344,1
1113,179,143,255,25597,1
1153,179,134,255,23986,1
1309,179,123,255,22017,1
1549,179,127,255,22733,1
1792,178,129,255,22962,1
1909,178,130,255,23140,1
1896,178,129,255,22962,1
2782,178,125,255,22250,1
2611,178,127,255,22606,1
2535,178,129,255,22962,1
2475,179,130,255,23270,1
2326,179,130,255,23270,1
2020,179,134,255,23986,1
1756,177,138,255,24426,1
1560,176,141,255,24816,1
1475,178,143,255,25454,1
1323,178,143,255,25454,1
1039,179,143,255,25597,1
435,179,139,255,24881,1
321,179,136,255,24344,1
311,179,138,255,24702,1
324,179,139,255,24881,1
363,179,139,255,24881,1
427,178,149,255,26522,1
445,178,149,255,26522,1
452,178,150,255,26700,1
456,178,150,255,26700,1
444,177,149,255,26373,1
420,178,145,255,25810,1
396,178,140,255,24920,1
367,177,144,255,25488,1
346,178,145,255,25810,1
340,178,145,255,25810,1
353,178,144,255,25632,1
362,178,142,255,25276,1
359,177,145,255,25665,1
340,178,150,255,26700,1
319,178,151,255,26878,1
303,178,152,255,27056,1
295,178,151,255,26878,1
294,177,149,255,26373,1
304,177,147,255,26019,1
320,178,148,255,26344,1
334,178,155,255,27590,1
354,178,161,255,28658,1
345,178,160,255,28480,1
312,179,159,255,28461,1
287,179,151,255,27029,1
287,179,151,255,27029,1
287,179,151,255,27029,1
287,179,151,255,27029,1
1146,178,150,255,26700,1
1146,178,150,255,26700,1
1146,178,150,255,26700,1
1162,178,150,255,26700,1
1162,178,150,255,26700,1
1162,178,150,255,26700,1
1162,178,150,255,26700,1
1162,178,150,255,26700,1
1162,178,150,255,26700,1
1146,178,150,255,26700,1
1640,179,156,255,27924,1
1640,179,156,255,27924,1
1640,179,156,255,27924,1
1640,179,156,255,27924,1
1640,179,156,255,27924,1
1640,179,156,255,27924,1
1640,179,156,255,27924,1
1640,179,156,255,27924,1
1640,179,156,255,27924,1
1640,179,156,255,27924,1
696,178,163,255,29014,1
696,178,163,255,29014,1
696,178,163,255,29014,1
696,178,163,255,29014,1
673,178,162,255,28836,1
673,178,162,255,28836,1
673,178,162,255,28836,1
673,178,162,255,28836,1
673,178,162,255,28836,1
416,176,158,255,27808,1
416,176,158,255,27808,1
416,176,158,255,27808,1
412,176,158,255,27808,1
412,176,158,255,27808,1
416,176,158,255,27808,1
416,176,158,255,27808,1
416,176,158,255,27808,1
416,176,158,255,27808,1
416,176,158,255,27808,1
150,179,155,255,27745,1
150,179,155,255,27745,1
150,179,155,255,27745,1
150,179,155,255,27745,1
151,179,155,255,27745,1
151,179,155,255,27745,1
151,179,155,255,27745,1
150,179,155,255,27745,1
150,179,155,255,27745,1
150,179,155,255,27745,1
275,179,165,255,29535,1
306,179,166,255,29714,1
306,179,166,255,29714,1
279,179,165,255,29535,1
279,179,165,255,29535,1
280,179,164,255,29356,1
417,179,163,255,29177,1
353,179,163,255,29177,1
292,179,162,255,28998,1
297,179,161,255,28819,1
2412,179,161,255,28819,1
1318,179,164,255,29356,1
1335,179,165,255,29535,1
1362,179,165,255,29535,1
1477,179,164,255,29356,1
1477,179,164,255,29356,1
1391,179,163,255,29177,1
2693,178,175,255,31150,1
2784,177,172,255,30444,1
2812,179,172,255,30788,1
1783,179,212,255,37948,1
1722,174,211,255,36714,1
1672,174,211,255,36714,1
1736,178,210,255,37380,1
1698,178,209,255,37202,1
1627,179,207,255,37053,1
574,174,160,195,27840,1
2127,179,202,255,36158,1
1120,178,215,255,38270,1
1098,178,211,255,37558,1
1069,179,208,255,37232,1
1083,179,203,255,36337,1
1057,178,201,255,35778,1
1095,178,200,255,35600,1
1098,178,198,255,35244,1
1098,178,198,255,35244,1
1098,178,198,255,35244,1
2857,176,239,255,42064,1
2080,176,239,255,42064,1
1990,176,238,255,41888,1
2356,176,239,255,42064,1
2385,176,240,255,42240,1
2368,177,235,255,41595,1
2233,177,236,255,41772,1
2210,177,236,255,41772,1
2210,177,236,255,41772,1
456,178,210,255,37380,1
437,170,211,255,35870,1
422,174,212,255,36888,1
407,174,214,255,37236,1
407,174,214,255,37236,1
443,174,218,255,37932,1
449,174,219,255,38106,1
426,174,221,255,38454,1
2203,176,169,255,29744,1
467,174,223,255,38802,1
2293,177,170,255,30090,1
781,179,176,255,31504,1
805,179,176,255,31504,1
821,179,175,255,31325,1
861,179,175,255,31325,1
861,179,175,255,31325,1
861,179,175,255,31325,1
763,127,182,255,23114,1
766,179,175,255,31325,1
840,113,182,255,20566,1
763,127,182,255,23114,1
840,113,182,255,20566,1
840,113,182,255,20566,1
796,100,181,255,18100,1
840,113,182,255,20566,1
796,100,181,255,18100,1
1292,179,135,255,24165,1
1292,179,135,255,24165,1
683,179,139,255,24881,1
683,179,139,255,24881,1
722,179,139,255,24881,1
683,179,139,255,24881,1
722,179,139,255,24881,1
487,178,147,255,26166,1
722,179,139,255,24881,1
492,178,147,255,26166,1
492,178,147,255,26166,1
492,178,147,255,26166,1
492,178,147,255,26166,1
492,178,147,255,26166,1
492,178,147,255,26166,1
492,178,147,255,26166,1
979,179,144,255,25776,1
979,179,144,255,25776,1
979,179,144,255,25776,1
979,179,144,255,25776,1
1196,179,153,255,27387,1
1144,178,153,255,27234,1
1196,179,153,255,27387,1
1196,179,153,255,27387,1
458,179,158,255,28282,1
1196,179,153,255,27387,1
460,179,158,255,28282,1
460,179,158,255,28282,1
460,179,158,255,28282,1
460,179,158,255,28282,1
458,179,158,255,28282,1
460,179,158,255,28282,1
458,179,158,255,28282,1
427,178,156,255,27768,1
427,178,156,255,27768,1
423,178,156,255,27768,1
423,178,156,255,27768,1
692,179,157,255,28103,1
423,178,156,255,27768,1
930,178,160,255,28480,1
1143,179,155,255,27745,1
533,178,166,255,29548,1
612,176,167,255,29392,1
510,179,166,255,29714,1
482,178,166,255,29548,1
551,179,162,255,28998,1
520,178,165,255,29370,1
609,179,166,255,29714,1
588,178,163,255,29014,1
639,178,167,255,29726,1
593,179,157,255,28103,1
627,179,164,255,29356,1
493,179,157,255,28103,1
550,178,157,255,27946,1
392,177,158,255,27966,1
423,179,156,255,27924,1
902,178,160,255,28480,1
579,178,159,255,28302,1
898,137,165,255,22605,1
1111,176,166,255,29216,1
629,171,159,255,27189,1
722,152,165,255,25080,1
573,179,156,255,27924,1
539,179,156,255,27924,1
632,179,152,255,27208,1
601,179,154,255,27566,1
613,179,149,255,26671,1
625,179,151,255,27029,1
529,178,155,255,27590,1
572,178,152,255,27056,1
423,179,160,255,28640,1
468,177,157,255,27789,1
369,178,169,255,30082,1
387,177,165,255,29205,1
375,171,169,255,28899,1
351,132,172,255,22704,1
824,179,170,255,30430,1
1082,152,153,255,23256,1
1327,179,149,255,26671,1
748,178,158,255,28124,1
813,178,157,255,27946,1
775,178,161,255,28658,1
691,178,159,255,28302,1
844,177,158,255,27966,1
833,178,160,255,28480,1
694,179,154,255,27566,1
757,179,153,255,27387,1
546,179,153,255,27387,1
619,179,152,255,27208,1
396,179,150,255,26850,1
455,179,153,255,27387,1
320,178,149,255,26522,1
355,178,151,255,26878,1
252,179,150,255,26850,1
665,178,152,255,27056,1
1048,178,155,255,27590,1
637,178,158,255,28124,1
616,178,158,255,28124,1
746,178,155,255,27590,1
688,178,156,255,27768,1
777,178,154,255,27412,1
765,179,154,255,27566,1
731,179,164,255,29356,1
760,179,157,255,28103,1
633,179,163,255,29177,1
696,179,161,255,28819,1
548,179,160,255,28640,1
567,179,161,255,28819,1
346,178,160,255,28480,1
437,179,157,255,28103,1
867,179,162,255,28998,1
483,178,161,255,28658,1
822,179,148,255,26492,1
1132,179,151,255,27029,1
601,178,149,255,26522,1
680,179,150,255,26850,1
475,178,145,255,25810,1
527,179,147,255,26313,1
257,178,161,255,28658,1
361,177,152,255,26904,1
111,178,166,255,29548,1
166,177,161,255,28497,1
100,175,174,255,30450,1
100,177,175,255,30975,1
111,178,173,255,30794,1
166,169,164,255,27716,1
255,177,153,255,27081,1
660,178,151,255,26878,1
918,179,148,255,26492,1
512,177,150,255,26550,1
520,179,152,255,27208,1
439,179,156,255,27924,1
238,179,155,255,27745,1
128,177,161,255,28497,1
124,178,162,255,28836,1
124,179,159,255,28461,1
157,178,156,255,27768,1
126,178,158,255,28124,1
907,178,155,255,27590,1
392,179,156,255,27924,1
967,176,183,255,32208,1
1522,177,170,255,30090,1
328,177,191,255,33807,1
585,177,188,255,33276,1
117,178,188,255,33464,1
156,176,188,255,33088,1
128,178,181,255,32218,1
122,178,185,255,32930,1
117,178,180,255,32040,1
119,178,182,255,32396,1
97,178,174,255,30972,1
108,178,171,255,30438,1
122,178,181,255,32218,1
136,179,177,255,31683,1
114,179,183,255,32757,1
114,179,184,255,32936,1
229,179,183,255,32757,1
122,179,184,255,32936,1
1100,178,179,255,31862,1
557,179,182,255,32578,1
685,179,186,255,33294,1
1153,178,189,255,33642,1
292,179,181,255,32399,1
435,178,182,255,32396,1
250,178,179,255,31862,1
303,178,174,255,30972,1
281,178,174,255,30972,1
209,178,182,255,32396,1
143,179,192,255,34368,1
109,179,203,255,36337,1
123,178,204,255,36312,1
774,178,201,255,35778,1
952,179,205,255,36695,1
314,179,197,255,35263,1
146,177,184,255,32568,1
145,175,188,255,32900,1
213,178,178,255,31684,1
177,176,179,255,31504,1
255,177,178,255,31506,1
242,177,178,255,31506,1
237,179,178,255,31862,1
250,178,176,255,31328,1
221,179,185,255,33115,1
222,179,180,255,32220,1
184,178,193,255,34354,1
221,178,193,255,34354,1
240,178,192,255,34176,1
188,176,195,255,34320,1
1059,173,186,255,32178,1
520,176,194,255,34144,1
1110,176,177,255,31152,1
1540,178,175,255,31150,1
263,177,184,255,32568,1
484,178,181,255,32218,1
117,173,192,255,33216,1
139,176,188,255,33088,1
120,172,193,255,33196,1
113,174,192,255,33408,1
176,177,185,255,32745,1
147,176,192,255,33792,1
209,177,169,255,29913,1
199,178,176,255,31328,1
221,177,154,255,27258,1
214,177,159,255,28143,1
224,176,155,255,27280,1
221,178,158,255,28124,1
710,178,166,255,29548,1
1152,177,167,255,29559,1
412,177,165,255,29205,1
136,178,172,255,30616,1
144,166,172,255,28552,1
152,173,172,255,29756,1
148,177,169,255,29913,1
137,178,164,255,29192,1
146,179,160,255,28640,1
141,179,161,255,28819,1
170,179,160,255,28640,1
138,179,156,255,27924,1
1083,178,163,255,29014,1
475,177,163,255,28851,1
1024,179,148,255,26492,1
1617,179,152,255,27208,1
310,179,164,255,29356,1
601,179,156,255,27924,1
75,179,167,255,29893,1
120,178,166,255,29548,1
66,179,163,255,29177,1
69,178,164,255,29192,1
66,178,162,255,28836,1
60,179,163,255,29177,1
67,178,163,255,29014,1
66,179,163,255,29177,1
93,178,153,255,27234,1
97,178,157,255,27946,1
84,178,152,255,27056,1
89,178,153,255,27234,1
204,177,156,255,27612,1
79,176,154,255,27104,1
1290,177,159,255,28143,1
610,176,160,255,28160,1
854,179,156,255,27924,1
1406,178,156,255,27768,1
228,177,163,255,28851,1
492,178,162,255,28836,1
86,179,164,255,29356,1
79,177,161,255,28497,1
72,178,154,255,27412,1
80,179,158,255,28282,1
99,179,159,255,28461,1
111,179,159,255,28461,1
104,179,147,255,26313,1
865,179,145,255,25955,1
1043,177,160,255,28320,1
345,176,155,255,27280,1
629,179,158,255,28282,1
99,179,153,255,27387,1
136,179,154,255,27566,1
85,178,159,255,28302,1
95,179,158,255,28282,1
63,178,159,255,28302,1
74,179,158,255,28282,1
65,178,152,255,27056,1
63,178,154,255,27412,1
70,176,149,255,26224,1
68,177,153,255,27081,1
39,176,144,255,25344,1
72,177,145,255,25665,1
119,177,151,255,26727,1
39,176,146,255,25696,1
1055,177,165,255,29205,1
452,176,156,255,27456,1
1221,178,162,255,28836,1
1755,178,161,255,28658,1
299,178,161,255,28658,1
517,178,162,255,28836,1
140,177,158,255,27966,1
146,178,160,255,28480,1
120,179,164,255,29356,1
136,178,156,255,27768,1
100,179,162,255,28998,1
107,179,165,255,29535,1
105,178,161,255,28658,1
102,178,166,255,29548,1
111,179,151,255,27029,1
109,179,155,255,27745,1
109,179,153,255,27387,1
101,179,153,255,27387,1
705,178,153,255,27234,1
1216,177,159,255,28143,1
372,178,160,255,28480,1
87,178,160,255,28480,1
83,179,158,255,28282,1
67,178,157,255,27946,1
62,177,156,255,27612,1
61,178,156,255,27768,1
61,178,155,255,27590,1
65,179,151,255,27029,1
61,178,151,255,26878,1
122,178,151,255,26878,1
72,177,151,255,26727,1
1027,179,154,255,27566,1
397,178,153,255,27234,1
1145,179,155,255,27745,1
1756,179,153,255,27387,1
315,178,156,255,27768,1
664,179,155,255,27745,1
55,175,157,255,27475,1
101,176,157,255,27632,1
42,178,158,255,28124,1
42,177,157,255,27789,1
42,178,151,255,26878,1
35,178,152,255,27056,1
53,178,151,255,26878,1
47,178,150,255,26700,1
83,179,152,255,27208,1
83,178,150,255,26700,1
74,179,154,255,27566,1
79,179,154,255,27566,1
199,177,154,255,27258,1
74,178,155,255,27590,1
1316,178,154,255,27412,1
613,178,155,255,27590,1
874,179,159,255,28461,1
1463,178,165,255,29370,1
247,179,158,255,28282,1
506,179,158,255,28282,1
71,179,159,255,28461,1
78,179,158,255,28282,1
70,179,154,255,27566,1
74,179,157,255,28103,1
61,179,154,255,27566,1
60,179,165,255,29535,1
58,178,169,255,30082,1
66,174,170,255,29580,1
104,178,167,255,29726,1
72,172,168,255,28896,1
1052,178,156,255,27768,1
409,178,161,255,28658,1
1481,179,148,255,26492,1
2079,178,147,255,26166,1
446,178,151,255,26878,1
1012,178,151,255,26878,1
43,179,150,255,26850,1
116,179,151,255,27029,1
38,179,149,255,26671,1
36,179,151,255,27029,1
37,178,149,255,26522,1
37,179,151,255,27029,1
57,177,150,255,26550,1
60,179,149,255,26671,1
56,178,154,255,27412,1
53,178,160,255,28480,1
72,178,162,255,28836,1
896,178,159,255,28302,1
1177,177,157,255,27789,1
354,177,156,255,27612,1
51,177,155,255,27435,1
112,178,156,255,27768,1
31,177,152,255,26904,1
35,176,157,255,27632,1
19,178,147,255,26166,1
21,178,148,255,26344,1
22,179,156,255,27924,1
20,179,156,255,27924,1
27,179,156,255,27924,1
22,179,158,255,28282,1
35,179,149,255,26671,1
29,179,155,255,27745,1
166,179,141,255,25239,1
38,179,143,255,25597,1
696,179,144,255,25776,1
1299,178,147,255,26166,1
406,178,146,255,25988,1
44,177,156,255,27612,1
28,175,163,255,28525,1
24,174,162,255,28188,1
27,175,159,255,27825,1
39,177,149,255,26373,1
51,179,147,255,26313,1
43,177,148,255,26196,1
55,177,152,255,26904,1
1083,178,159,255,28302,1
1043,177,160,255,28320,1
121,177,164,255,29028,1
510,176,167,255,29392,1
77,173,165,255,28545,1
70,174,165,255,28710,1
62,176,158,255,27808,1
70,168,161,255,27048,1
64,177,155,255,27435,1
65,177,153,255,27081,1
66,176,156,255,27456,1
106,178,163,255,29014,1
65,178,159,255,28302,1
624,178,164,255,29192,1
534,179,156,255,27924,1
95,179,160,255,28640,1
65,179,162,255,28998,1
71,178,169,255,30082,1
81,177,170,255,30090,1
74,178,170,255,30260,1
68,178,169,255,30082,1
27,179,165,255,29535,1
28,179,163,255,29177,1
442,179,161,255,28819,1
640,179,166,255,29714,1
62,178,161,255,28658,1
42,178,158,255,28124,1
42,178,159,255,28302,1
44,178,159,255,28302,1
43,178,157,255,27946,1
77,178,156,255,27768,1
73,177,154,255,27258,1
74,174,153,255,26622,1
577,179,154,255,27566,1
109,176,185,255,32560,1
70,175,188,255,32900,1
72,177,188,255,33276,1
72,178,189,255,33642,1
79,176,189,255,33264,1
97,177,188,255,33276,1
124,177,189,255,33453,1
124,177,189,255,33453,1
196,177,188,255,33276,1
320,179,183,255,32757,1
305,179,182,255,32578,1
286,177,179,255,31683,1
251,178,177,255,31506,1
216,179,177,255,31683,1
162,179,174,255,31146,1
141,178,168,255,29904,1
293,178,167,255,29726,1
448,179,148,255,26492,1
469,179,149,255,26671,1
509,176,152,255,26752,1
509,176,152,255,26752,1
532,176,153,255,26928,1
517,178,153,255,27234,1
457,177,154,255,27258,1
296,178,154,255,27412,1
196,178,151,255,26878,1
180,178,152,255,27056,1
180,178,152,255,27056,1
177,177,154,255,27258,1
184,177,153,255,27081,1
175,178,154,255,27412,1
175,178,154,255,27412,1
179,178,156,255,27768,1
497,178,156,255,27768,1
497,178,156,255,27768,1
482,179,155,255,27745,1
502,178,157,255,27946,1
439,179,153,255,27387,1
439,179,153,255,27387,1
356,179,151,255,27029,1
356,179,151,255,27029,1
299,179,149,255,26671,1
567,179,148,255,26492,1
500,179,147,255,26313,1
523,179,147,255,26313,1
419,179,147,255,26313,1
419,179,147,255,26313,1
294,179,146,255,26134,1
294,179,146,255,26134,1
314,179,146,255,26134,1
238,179,145,255,25955,1
118,179,161,255,28819,1
118,179,161,255,28819,1
117,179,161,255,28819,1
117,179,161,255,28819,1
115,178,162,255,28836,1
143,179,161,255,28819,1
143,179,161,255,28819,1
90,179,148,255,26492,1
90,179,148,255,26492,1
87,179,148,255,26492,1
87,179,148,255,26492,1
89,179,148,255,26492,1
89,179,148,255,26492,1
89,179,148,255,26492,1
89,179,148,255,26492,1
161,177,151,255,26727,1
161,177,151,255,26727,1
161,177,151,255,26727,1
161,177,151,255,26727,1
139,177,150,255,26550,1
139,177,150,255,26550,1
141,177,150,255,26550,1
113,177,150,255,26550,1
118,178,149,255,26522,1
169,179,139,255,24881,1
169,179,139,255,24881,1
169,179,139,255,24881,1
167,179,140,255,25060,1
210,179,140,255,25060,1
154,179,140,255,25060,1
603,179,141,255,25239,1
603,179,141,255,25239,1
603,179,141,255,25239,1
603,179,141,255,25239,1
462,179,214,255,38306,1
462,179,214,255,38306,1
462,179,214,255,38306,1
462,179,214,255,38306,1
462,179,214,255,38306,1
462,179,214,255,38306,1
462,179,214,255,38306,1
462,179,214,255,38306,1
462,179,214,255,38306,1
462,179,214,255,38306,1
459,178,196,255,34888,1
136,178,198,255,35244,1
136,178,198,255,35244,1
136,178,198,255,35244,1
136,178,198,255,35244,1
136,178,198,255,35244,1
141,178,198,255,35244,1
141,178,198,255,35244,1
141,178,198,255,35244,1
144,178,199,255,35422,1
138,175,215,255,37625,1
171,175,215,255,37625,1
171,175,215,255,37625,1
171,175,215,255,37625,1
171,175,215,255,37625,1
171,175,215,255,37625,1
171,175,215,255,37625,1
197,175,215,255,37625,1
197,175,215,255,37625,1
197,175,215,255,37625,1
247,177,221,255,39117,1
247,177,221,255,39117,1
204,177,222,255,39294,1
205,177,222,255,39294,1
205,177,222,255,39294,1
205,177,222,255,39294,1
214,177,221,255,39117,1
214,177,221,255,39117,1
214,177,221,255,39117,1
202,179,192,255,34368,1
203,179,190,255,34010,1
227,179,191,255,34189,1
227,179,191,255,34189,1
227,179,191,255,34189,1
227,179,191,255,34189,1
227,179,191,255,34189,1
230,179,193,255,34547,1
230,179,193,255,34547,1
247,179,192,255,34368,1
208,177,197,255,34869,1
185,177,195,255,34515,1
185,177,195,255,34515,1
185,177,195,255,34515,1
183,179,192,255,34368,1
183,179,193,255,34547,1
183,179,193,255,34547,1
174,179,190,255,34010,1
227,178,186,255,33108,1
227,178,186,255,33108,1
228,178,186,255,33108,1
234,178,186,255,33108,1
234,178,186,255,33108,1
333,178,186,255,33108,1
322,178,187,255,33286,1
322,178,187,255,33286,1
322,178,187,255,33286,1
308,178,183,255,32574,1
318,176,219,255,38544,1
318,176,219,255,38544,1
305,178,220,255,39160,1
305,178,220,255,39160,1
305,178,220,255,39160,1
286,177,221,255,39117,1
286,177,221,255,39117,1
286,177,221,255,39117,1
263,177,223,255,39471,1
263,177,223,255,39471,1
333,173,196,255,33908,1
333,173,196,255,33908,1
298,174,193,255,33582,1
285,174,193,255,33582,1
261,174,192,255,33408,1
250,174,191,255,33234,1
224,174,192,255,33408,1
224,174,192,255,33408,1
295,178,178,255,31684,1
295,178,178,255,31684,1
271,177,178,255,31506,1
271,177,178,255,31506,1
247,178,180,255,32040,1
247,178,180,255,32040,1
229,177,180,255,31860,1
229,177,180,255,31860,1
214,178,179,255,31862,1
405,178,179,255,31862,1
274,178,178,255,31684,1
281,178,178,255,31684,1
262,178,178,255,31684,1
239,178,178,255,31684,1
220,178,176,255,31328,1
220,178,176,255,31328,1
210,179,174,255,31146,1
210,179,174,255,31146,1
195,179,174,255,31146,1
513,179,196,255,35084,1
293,179,192,255,34368,1
288,179,192,255,34368,1
292,178,188,255,33464,1
297,171,187,255,31977,1
297,177,185,255,32745,1
297,177,185,255,32745,1
290,178,182,255,32396,1
290,178,182,255,32396,1
529,179,174,255,31146,1
289,179,174,255,31146,1
293,179,174,255,31146,1
271,178,168,255,29904,1
284,178,163,255,29014,1
249,179,158,255,28282,1
249,179,158,255,28282,1
235,178,157,255,27946,1
221,178,156,255,27768,1
344,178,167,255,29726,1
248,178,168,255,29904,1
238,179,172,255,30788,1
260,178,170,255,30260,1
215,178,186,255,33108,1
203,179,197,255,35263,1
196,179,202,255,36158,1
217,179,206,255,36874,1
210,179,208,255,37232,1
209,178,210,255,37380,1
298,179,207,255,37053,1
877,178,204,255,36312,1
2415,179,177,255,31683,1
1689,178,176,255,31328,1
673,177,169,255,29913,1
306,178,157,255,27946,1
267,178,155,255,27590,1
274,178,157,255,27946,1
308,175,173,255,30275,1
352,175,175,255,30625,1
433,175,177,255,30975,1
477,175,174,255,30450,1
586,176,178,255,31328,1
1589,176,168,255,29568,1
511,177,166,255,29382,1
225,175,166,255,29050,1
269,179,169,255,30251,1
306,178,166,255,29548,1
293,178,165,255,29370,1
308,177,165,255,29205,1
304,179,167,255,29893,1
229,177,187,255,33099,1
155,177,187,255,33099,1
146,177,186,255,32922,1
139,178,184,255,32752,1
135,178,182,255,32396,1
363,179,179,255,32041,1
363,179,179,255,32041,1
100,179,177,255,31683,1
91,179,177,255,31683,1
84,178,176,255,31328,1
529,179,171,255,30609,1
525,179,169,255,30251,1
714,179,163,255,29177,1
696,179,163,255,29177,1
696,179,163,255,29177,1
768,179,164,255,29356,1
726,179,163,255,29177,1
790,179,163,255,29177,1
766,179,162,255,28998,1
361,179,167,255,29893,1
347,179,157,255,28103,1
388,179,156,255,27924,1
386,178,160,255,28480,1
386,178,160,255,28480,1
355,179,161,255,28819,1
96,179,152,255,27208,1
56,179,153,255,27387,1
100,179,155,255,27745,1
83,179,156,255,27924,1
86,177,171,255,30267,1
89,177,170,255,30090,1
76,173,169,255,29237,1
83,177,170,255,30090,1
85,177,171,255,30267,1
72,175,167,255,29225,1
57,178,168,255,29904,1
362,173,168,255,29064,1
109,147,193,255,28371,1
119,177,193,255,34161,1
103,173,193,255,33389,1
103,173,193,255,33389,1
102,177,196,255,34692,1
124,179,202,255,36158,1
213,176,204,255,35904,1
275,178,204,255,36312,1
248,178,203,255,36134,1
242,179,205,255,36695,1
234,179,199,255,35621,1
227,178,191,255,33998,1
228,178,191,255,33998,1
228,178,194,255,34532,1
80,177,196,255,34692,1
89,176,198,255,34848,1
90,175,186,255,32550,1
90,174,179,255,31146,1
99,176,176,255,30976,1
112,175,182,255,31850,1
120,174,188,255,32712,1
126,173,195,255,33735,1
141,175,201,255,35175,1
138,178,206,255,36668,1
207,178,211,255,37558,1
233,176,214,255,37664,1
266,177,216,255,38232,1
272,179,211,255,37769,1
302,179,206,255,36874,1
325,179,206,255,36874,1
296,178,215,255,38270,1
297,178,222,255,39516,1
279,178,226,255,40228,1
253,179,227,255,40633,1
242,177,221,255,39117,1
251,174,214,255,37236,1
254,176,204,255,35904,1
239,177,202,255,35754,1
240,179,204,255,36516,1
242,179,205,255,36695,1
231,177,205,255,36285,1
189,173,187,255,32351,1
167,176,177,255,31152,1
150,175,166,255,29050,1
138,179,161,255,28819,1
117,177,155,255,27435,1
128,175,162,255,28350,1
149,177,165,255,29205,1
164,177,166,255,29382,1
166,178,166,255,29548,1
144,179,165,255,29535,1
162,179,165,255,29535,1
194,178,167,255,29726,1
221,178,171,255,30438,1
240,177,174,255,30798,1
214,178,177,255,31506,1
197,178,178,255,31684,1
170,179,171,255,30609,1
138,177,155,255,27435,1
123,179,137,255,24523,1
142,179,131,255,23449,1
180,178,129,255,22962,1
198,179,128,255,22912,1
256,177,130,255,23010,1
235,177,133,255,23541,1
195,178,134,255,23852,1
132,179,133,255,23807,1
153,179,131,255,23449,1
193,179,131,255,23449,1
233,179,132,255,23628,1
249,179,139,255,24881,1
236,178,144,255,25632,1
204,179,150,255,26850,1
230,179,152,255,27208,1
250,179,155,255,27745,1
272,178,161,255,28658,1
217,178,162,255,28836,1
185,179,161,255,28819,1
132,179,151,255,27029,1
168,177,135,255,23895,1
236,178,133,255,23674,1
289,178,131,255,23318,1
303,178,130,255,23140,1
272,178,130,255,23140,1
214,179,131,255,23449,1
158,179,135,255,24165,1
125,179,140,255,25060,1
624,179,143,255,25597,1
613,179,143,255,25597,1
90,179,141,255,25239,1
121,178,139,255,24742,1
178,178,137,255,24386,1
241,179,131,255,23449,1
271,179,134,255,23986,1
246,179,135,255,24165,1
188,179,135,255,24165,1
140,179,132,255,23628,1
107,177,128,255,22656,1
95,178,130,255,23140,1
80,179,131,255,23449,1
84,179,131,255,23449,1
102,179,135,255,24165,1
210,179,135,255,24165,1
241,179,135,255,24165,1
194,179,135,255,24165,1
210,179,131,255,23449,1
789,179,135,255,24165,1
752,179,136,255,24344,1
717,179,140,255,25060,1
704,179,144,255,25776,1
709,179,144,255,25776,1
713,179,144,255,25776,1
724,179,141,255,25239,1
775,179,138,255,24702,1
859,179,138,255,24702,1
936,179,136,255,24344,1
987,179,136,255,24344,1
980,179,136,255,24344,1
936,179,133,255,23807,1
851,179,131,255,23449,1
769,179,135,255,24165,1
708,179,140,255,25060,1
683,179,141,255,25239,1
694,179,141,255,25239,1
725,179,141,255,25239,1
779,179,138,255,24702,1
857,179,131,255,23449,1
915,179,133,255,23807,1
935,179,134,255,23986,1
910,179,137,255,24523,1
859,179,137,255,24523,1
798,179,137,255,24523,1
741,179,138,255,24702,1
708,179,138,255,24702,1
692,179,140,255,25060,1
688,179,142,255,25418,1
694,179,142,255,25418,1
709,179,142,255,25418,1
729,179,142,255,25418,1
752,179,142,255,25418,1
128,178,142,255,25276,1
151,178,140,255,24920,1
177,178,138,255,24564,1
184,178,137,255,24386,1
174,179,137,255,24523,1
163,179,137,255,24523,1
153,179,136,255,24344,1
152,179,135,255,24165,1
157,179,133,255,23807,1
183,179,136,255,24344,1
218,179,138,255,24702,1
240,179,139,255,24881,1
231,179,137,255,24523,1
202,179,135,255,24165,1
159,179,135,255,24165,1
115,179,140,255,25060,1
86,178,144,255,25632,1
68,179,146,255,26134,1
73,178,147,255,26166,1
75,179,147,255,26313,1
72,179,147,255,26313,1
89,178,146,255,25988,1
100,179,142,255,25418,1
98,178,141,255,25098,1
101,179,139,255,24881,1
106,179,139,255,24881,1
109,179,136,255,24344,1
104,178,137,255,24386,1
126,179,140,255,25060,1
126,179,142,255,25418,1
136,178,144,255,25632,1
169,178,143,255,25454,1
175,178,142,255,25276,1
107,178,142,255,25276,1
118,178,140,255,24920,1
137,178,137,255,24386,1
153,177,135,255,23895,1
145,179,139,255,24881,1
134,179,145,255,25955,1
123,179,152,255,27208,1
112,178,155,255,27590,1
106,178,153,255,27234,1
107,177,152,255,26904,1
119,179,151,255,27029,1
109,178,147,255,26166,1
97,179,142,255,25418,1
92,179,136,255,24344,1
96,179,132,255,23628,1
124,179,130,255,23270,1
140,178,130,255,23140,1
154,179,128,255,22912,1
163,179,125,255,22375,1
140,179,131,255,23449,1
124,179,135,255,24165,1
125,179,137,255,24523,1
137,178,139,255,24742,1
162,179,143,255,25597,1
163,178,145,255,25810,1
162,179,145,255,25955,1
154,179,144,255,25776,1
118,178,144,255,25632,1
111,178,141,255,25098,1
103,178,145,255,25810,1
87,178,144,255,25632,1
87,179,144,255,25776,1
94,179,138,255,24702,1
113,178,129,255,22962,1
112,179,129,255,23091,1
100,178,131,255,23318,1
96,179,133,255,23807,1
92,178,134,255,23852,1
94,178,136,255,24208,1
104,178,136,255,24208,1
116,178,134,255,23852,1
289,177,133,255,23541,1
312,178,131,255,23318,1
303,179,131,255,23449,1
298,179,131,255,23449,1
329,179,140,255,25060,1
338,179,146,255,26134,1
344,179,151,255,27029,1
363,177,150,255,26550,1
346,178,151,255,26878,1
333,177,150,255,26550,1
354,173,147,255,25431,1
347,173,147,255,25431,1
349,175,146,255,25550,1
391,179,143,255,25597,1
382,176,136,255,23936,1
324,179,146,255,26134,1
319,178,154,255,27412,1
321,178,157,255,27946,1
302,178,158,255,28124,1
284,177,158,255,27966,1
288,176,151,255,26576,1
258,179,140,255,25060,1
293,179,126,255,22554,1
303,179,127,255,22733,1
254,179,129,255,23091,1
217,178,137,255,24386,1
191,177,147,255,26019,1
194,178,150,255,26700,1
177,179,150,255,26850,1
186,177,145,255,25665,1
189,177,142,255,25134,1
207,178,145,255,25810,1
192,176,148,255,26048,1
194,176,147,255,25872,1
167,177,148,255,26196,1
149,178,142,255,25276,1
146,178,133,255,23674,1
189,178,127,255,22606,1
216,178,130,255,23140,1
257,177,131,255,23187,1
261,177,131,255,23187,1
203,178,130,255,23140,1
172,178,131,255,23318,1
135,179,135,255,24165,1
121,177,135,255,23895,1
192,178,128,255,22784,1
263,178,135,255,24030,1
298,179,135,255,24165,1
310,179,138,255,24702,1
285,179,140,255,25060,1
218,178,146,255,25988,1
174,178,151,255,26878,1
221,178,153,255,27234,1
277,178,151,255,26878,1
314,179,152,255,27208,1
255,178,160,255,28480,1
202,178,166,255,29548,1
189,179,168,255,30072,1
246,179,168,255,30072,1
502,179,151,255,27029,1
635,179,147,255,26313,1
600,178,139,255,24742,1
434,178,142,255,25276,1
257,177,142,255,25134,1
230,178,135,255,24030,1
226,179,127,255,22733,1
191,179,124,255,22196,1
179,178,136,255,24208,1
201,179,149,255,26671,1
227,178,157,255,27946,1
341,179,163,255,29177,1
432,178,162,255,28836,1
411,176,159,255,27984,1
384,173,154,255,26642,1
328,179,142,255,25418,1
305,178,152,255,27056,1
303,179,154,255,27566,1
322,179,154,255,27566,1
321,178,153,255,27234,1
287,179,148,255,26492,1
247,179,131,255,23449,1
202,179,106,255,18974,1
190,178,111,255,19758,1
206,179,118,255,21122,1
237,178,120,255,21360,1
242,179,119,255,21301,1
202,178,103,255,18334,1
199,176,104,255,18304,1
204,173,114,255,19722,1
262,172,130,255,22360,1
343,177,143,255,25311,1
449,179,157,255,28103,1
564,178,170,255,30260,1
603,179,173,255,30967,1
603,178,179,255,31862,1
529,177,194,255,34338,1
455,176,198,255,34848,1
436,177,204,255,36108,1
411,177,192,255,33984,1
357,176,155,255,27280,1
310,178,151,255,26878,1
289,178,142,255,25276,1
323,179,147,255,26313,1
369,179,158,255,28282,1
424,179,162,255,28998,1
447,179,163,255,29177,1
446,178,165,255,29370,1
419,176,170,255,29920,1
391,179,173,255,30967,1
406,178,160,255,28480,1
440,178,162,255,28836,1
447,179,162,255,28998,1
429,178,169,255,30082,1
416,176,169,255,29744,1
445,177,168,255,29736,1
479,179,160,255,28640,1
498,178,160,255,28480,1
518,178,159,255,28302,1
523,178,159,255,28302,1
527,179,157,255,28103,1
535,179,160,255,28640,1
551,179,165,255,29535,1
582,179,167,255,29893,1
619,179,167,255,29893,1
628,179,161,255,28819,1
637,179,160,255,28640,1
652,178,166,255,29548,1
639,179,169,255,30251,1
640,179,173,255,30967,1
647,179,173,255,30967,1
632,177,172,255,30444,1
639,177,170,255,30090,1
624,179,166,255,29714,1
611,179,167,255,29893,1
611,178,168,255,29904,1
602,179,175,255,31325,1
606,178,184,255,32752,1
580,175,184,255,32200,1
579,174,202,255,35148,1
582,174,209,255,36366,1
561,178,211,255,37558,1
554,178,200,255,35600,1
552,178,175,255,31150,1
579,178,177,255,31506,1
642,179,183,255,32757,1
659,178,189,255,33642,1
605,177,186,255,32922,1
589,177,183,255,32391,1
599,177,187,255,33099,1
579,179,188,255,33652,1
570,179,181,255,32399,1
555,177,176,255,31152,1
551,179,176,255,31504,1
525,178,181,255,32218,1
510,177,182,255,32214,1
513,178,181,255,32218,1
528,178,183,255,32574,1
543,178,186,255,33108,1
546,178,178,255,31684,1
544,178,175,255,31150,1
528,179,181,255,32399,1
549,178,187,255,33286,1
540,179,182,255,32578,1
520,179,189,255,33831,1
520,179,203,255,36337,1
528,178,214,255,38092,1
494,179,199,255,35621,1
502,179,180,255,32220,1
504,178,175,255,31150,1
498,178,176,255,31328,1
511,178,179,255,31862,1
497,178,184,255,32752,1
491,178,179,255,31862,1
484,177,178,255,31506,1
444,178,175,255,31150,1
455,179,182,255,32578,1
424,178,186,255,33108,1
423,178,184,255,32752,1
422,178,179,255,31862,1
453,179,177,255,31683,1
461,179,178,255,31862,1
443,178,178,255,31684,1
433,178,186,255,33108,1
428,178,191,255,33998,1
421,178,186,255,33108,1
410,177,180,255,31860,1
401,179,172,255,30788,1
419,179,167,255,29893,1
444,179,168,255,30072,1
461,179,171,255,30609,1
491,179,172,255,30788,1
484,179,171,255,30609,1
462,178,170,255,30260,1
478,179,169,255,30251,1
492,179,168,255,30072,1
488,179,169,255,30251,1
491,179,168,255,30072,1
483,179,165,255,29535,1
518,179,156,255,27924,1
517,179,154,255,27566,1
549,178,154,255,27412,1
538,178,158,255,28124,1
590,178,162,255,28836,1
595,176,165,255,29040,1
644,177,168,255,29736,1
622,177,166,255,29382,1
657,177,163,255,28851,1
621,178,162,255,28836,1
627,178,162,255,28836,1
633,178,162,255,28836,1
605,178,162,255,28836,1
638,178,162,255,28836,1
599,179,162,255,28998,1
581,178,162,255,28836,1
545,178,160,255,28480,1
560,179,155,255,27745,1
557,179,156,255,27924,1
589,178,158,255,28124,1
582,179,157,255,28103,1
544,179,153,255,27387,1
516,178,149,255,26522,1
515,179,149,255,26671,1
522,179,149,255,26671,1
515,179,151,255,27029,1
507,179,148,255,26492,1
471,178,152,255,27056,1
434,179,155,255,27745,1
480,178,156,255,27768,1
433,178,156,255,27768,1
435,178,155,255,27590,1
434,178,153,255,27234,1
422,178,151,255,26878,1
356,179,149,255,26671,1
339,179,146,255,26134,1
316,179,149,255,26671,1
306,179,153,255,27387,1
306,179,160,255,28640,1
328,178,162,255,28836,1
362,178,161,255,28658,1
394,178,160,255,28480,1
402,179,156,255,27924,1
410,179,156,255,27924,1
424,178,158,255,28124,1
478,178,165,255,29370,1
521,178,167,255,29726,1
553,179,165,255,29535,1
514,178,162,255,28836,1
497,178,162,255,28836,1
486,178,160,255,28480,1
495,178,157,255,27946,1
493,177,154,255,27258,1
529,178,153,255,27234,1
546,179,154,255,27566,1
559,179,154,255,27566,1
531,179,153,255,27387,1
547,179,153,255,27387,1
520,179,153,255,27387,1
496,179,153,255,27387,1
456,178,156,255,27768,1
464,179,158,255,28282,1
467,179,162,255,28998,1
455,179,170,255,30430,1
467,179,169,255,30251,1
458,178,168,255,29904,1
408,178,167,255,29726,1
416,179,164,255,29356,1
427,179,162,255,28998,1
433,179,159,255,28461,1
409,179,158,255,28282,1
423,179,161,255,28819,1
439,179,162,255,28998,1
454,179,161,255,28819,1
435,179,161,255,28819,1
441,179,159,255,28461,1
452,179,156,255,27924,1
462,179,156,255,27924,1
410,179,156,255,27924,1
399,179,158,255,28282,1
377,179,160,255,28640,1
360,179,164,255,29356,1
373,179,166,255,29714,1
375,178,167,255,29726,1
403,179,161,255,28819,1
437,179,162,255,28998,1
472,179,162,255,28998,1
458,178,170,255,30260,1
452,178,170,255,30260,1
449,179,169,255,30251,1
436,179,168,255,30072,1
403,179,162,255,28998,1
392,179,161,255,28819,1
382,179,162,255,28998,1
380,179,162,255,28998,1
369,179,161,255,28819,1
388,178,159,255,28302,1
423,178,154,255,27412,1
482,179,158,255,28282,1
501,178,158,255,28124,1
518,179,160,255,28640,1
546,179,163,255,29177,1
564,178,167,255,29726,1
563,179,167,255,29893,1
523,179,167,255,29893,1
533,179,165,255,29535,1
546,179,159,255,28461,1
564,179,157,255,28103,1
545,179,159,255,28461,1
560,179,160,255,28640,1
553,178,158,255,28124,1
558,179,155,255,27745,1
533,178,155,255,27590,1
553,179,155,255,27745,1
552,179,155,255,27745,1
544,179,152,255,27208,1
519,179,160,255,28640,1
549,179,161,255,28819,1
568,179,162,255,28998,1
535,179,161,255,28819,1
558,179,161,255,28819,1
554,179,158,255,28282,1
516,178,163,255,29014,1
555,179,163,255,29177,1
574,179,163,255,29177,1
510,179,161,255,28819,1
522,179,159,255,28461,1
558,179,160,255,28640,1
586,179,159,255,28461,1
552,179,162,255,28998,1
560,179,165,255,29535,1
564,179,165,255,29535,1
572,179,164,255,29356,1
569,179,172,255,30788,1
599,179,173,255,30967,1
615,179,170,255,30430,1
588,179,164,255,29356,1
611,178,164,255,29192,1
630,179,163,255,29177,1
586,179,161,255,28819,1
593,179,162,255,28998,1
613,179,164,255,29356,1
599,179,169,255,30251,1
634,179,169,255,30251,1
662,179,169,255,30251,1
688,179,168,255,30072,1
628,179,167,255,29893,1
651,179,162,255,28998,1
676,179,159,255,28461,1
638,179,161,255,28819,1
663,179,162,255,28998,1
676,179,161,255,28819,1
691,179,160,255,28640,1
626,179,164,255,29356,1
635,179,164,255,29356,1
632,179,162,255,28998,1
593,179,159,255,28461,1
615,179,159,255,28461,1
645,179,159,255,28461,1
688,179,166,255,29714,1
722,179,165,255,29535,1
741,179,164,255,29356,1
684,179,162,255,28998,1
701,179,159,255,28461,1
714,179,158,255,28282,1
734,179,158,255,28282,1
690,179,160,255,28640,1
739,179,165,255,29535,1
798,179,166,255,29714,1
858,179,164,255,29356,1
782,179,164,255,29356,1
815,179,163,255,29177,1
855,179,161,255,28819,1
818,179,164,255,29356,1
865,179,164,255,29356,1
895,179,167,255,29893,1
800,179,168,255,30072,1
791,179,168,255,30072,1
777,179,171,255,30609,1
747,179,179,255,32041,1
753,179,177,255,31683,1
738,179,173,255,30967,1
687,179,172,255,30788,1
722,178,174,255,30972,1
780,179,175,255,31325,1
845,179,175,255,31325,1
825,179,174,255,31146,1
856,179,172,255,30788,1
870,179,171,255,30609,1
896,179,170,255,30430,1
812,179,169,255,30251,1
787,179,167,255,29893,1
760,179,166,255,29714,1
680,179,171,255,30609,1
683,179,171,255,30609,1
705,178,169,255,30082,1
759,179,174,255,31146,1
780,179,172,255,30788,1
768,179,172,255,30788,1
709,179,173,255,30967,1
706,178,181,255,32218,1
710,179,179,255,32041,1
710,179,180,255,32220,1
686,179,179,255,32041,1
694,179,174,255,31146,1
681,179,174,255,31146,1
684,179,175,255,31325,1
650,179,174,255,31146,1
633,177,174,255,30798,1
615,179,172,255,30788,1
626,179,185,255,33115,1
622,179,187,255,33473,1
583,179,186,255,33294,1
532,179,176,255,31504,1
534,179,173,255,30967,1
550,179,175,255,31325,1
619,179,178,255,31862,1
611,178,178,255,31684,1
592,178,181,255,32218,1
587,179,186,255,33294,1
570,179,188,255,33652,1
567,179,188,255,33652,1
567,178,185,255,32930,1
568,179,177,255,31683,1
570,179,175,255,31325,1
590,179,176,255,31504,1
608,178,178,255,31684,1
605,179,178,255,31862,1
653,179,180,255,32220,1
694,179,180,255,32220,1
675,179,177,255,31683,1
678,179,176,255,31504,1
705,179,177,255,31683,1
730,179,184,255,32936,1
728,166,191,255,31706,1
720,177,199,255,35223,1
732,178,203,255,36134,1
741,179,204,255,36516,1
748,178,202,255,35956,1
760,178,198,255,35244,1
737,179,194,255,34726,1
734,179,192,255,34368,1
717,179,189,255,33831,1
726,179,186,255,33294,1
745,178,182,255,32396,1
759,178,184,255,32752,1
755,179,185,255,33115,1
680,179,180,255,32220,1
676,179,180,255,32220,1
677,179,184,255,32936,1
681,179,184,255,32936,1
681,179,184,255,32936,1
681,179,184,255,32936,1
603,178,187,255,33286,1
603,178,187,255,33286,1
603,178,187,255,33286,1
596,178,185,255,32930,1
596,178,185,255,32930,1
596,178,185,255,32930,1
596,178,185,255,32930,1
588,179,183,255,32757,1
588,179,183,255,32757,1
423,178,170,255,30260,1
423,178,170,255,30260,1
436,178,170,255,30260,1
436,178,170,255,30260,1
436,178,170,255,30260,1
448,179,170,255,30430,1
448,179,170,255,30430,1
448,179,170,255,30430,1
391,179,171,255,30609,1
391,179,171,255,30609,1
391,179,171,255,30609,1
410,179,170,255,30430,1
410,179,170,255,30430,1
410,179,170,255,30430,1
410,179,170,255,30430,1
451,179,171,255,30609,1
451,179,171,255,30609,1
451,179,171,255,30609,1
437,179,158,255,28282,1
448,179,159,255,28461,1
448,179,159,255,28461,1
448,179,159,255,28461,1
489,179,158,255,28282,1
489,179,158,255,28282,1
489,179,158,255,28282,1
508,179,158,255,28282,1
264,178,130,255,23140,1
264,178,130,255,23140,1
248,178,130,255,23140,1
248,178,130,255,23140,1
248,178,130,255,23140,1
238,178,130,255,23140,1
238,178,130,255,23140,1
238,178,130,255,23140,1
238,178,130,255,23140,1
266,179,113,255,20227,1
266,179,113,255,20227,1
266,179,113,255,20227,1
266,179,113,255,20227,1
254,179,113,255,20227,1
254,179,113,255,20227,1
254,179,113,255,20227,1
253,179,114,255,20406,1
253,179,114,255,20406,1
234,179,104,255,18616,1
239,179,104,255,18616,1
239,179,104,255,18616,1
239,179,104,255,18616,1
254,178,105,255,18690,1
254,178,105,255,18690,1
254,178,105,255,18690,1
254,178,105,255,18690,1
273,178,105,255,18690,1
226,179,106,255,18974,1
226,179,106,255,18974,1
226,179,106,255,18974,1
233,179,106,255,18974,1
233,179,106,255,18974,1
233,179,106,255,18974,1
239,179,106,255,18974,1
239,179,106,255,18974,1
239,179,106,255,18974,1
246,179,101,255,18079,1
246,179,101,255,18079,1
246,179,101,255,18079,1
244,179,100,255,17900,1
244,179,100,255,17900,1
244,179,100,255,17900,1
244,179,99,255,17721,1
244,179,99,255,17721,1
334,178,98,255,17444,1
334,178,98,255,17444,1
349,178,97,255,17266,1
349,178,97,255,17266,1
349,178,97,255,17266,1
320,179,97,255,17363,1
334,178,97,255,17266,1
817,178,96,255,17088,1
817,178,96,255,17088,1
758,179,96,255,17184,1
1117,179,216,251,38664,1
1117,179,216,251,38664,1
1117,179,216,251,38664,1
944,178,218,250,38804,1
903,178,217,251,38626,1
757,179,218,250,39022,1
694,179,215,246,38485,1
607,179,210,243,37590,1
607,179,210,243,37590,1
1404,179,202,255,36158,1
1540,178,204,254,36312,1
1592,178,206,253,36668,1
1592,178,206,253,36668,1
2751,178,219,255,38982,1
3805,178,218,255,38804,1
4219,179,224,255,40096,1
4294,177,229,255,40533,1
316,179,180,251,32220,1
292,179,173,251,30967,1
267,179,167,253,29893,1
245,179,169,254,30251,1
245,179,169,254,30251,1
229,179,169,254,30251,1
229,179,169,254,30251,1
232,179,169,254,30251,1
222,177,169,255,29913,1
1501,177,157,255,27789,1
1512,173,155,255,26815,1
1530,167,157,255,26219,1
1543,150,158,255,23700,1
1511,141,158,255,22278,1
1470,166,158,255,26228,1
1392,97,157,255,15229,1
1309,91,152,255,13832,1
1054,91,140,255,12740,1
1001,179,135,255,24165,1
1595,177,149,255,26373,1
1647,177,150,255,26550,1
1727,177,149,255,26373,1
1504,176,147,255,25872,1
1499,148,147,255,21756,1
1456,112,145,255,16240,1
1405,168,141,255,23688,1
1302,179,136,255,24344,1
1201,179,130,255,23270,1
1306,178,139,255,24742,1
1443,179,141,255,25239,1
1526,178,144,255,25632,1
1618,149,146,255,21754,1
1667,89,146,255,12994,1
1683,91,146,255,13286,1
1659,94,145,255,13630,1
1888,97,146,255,14162,1
1789,99,144,255,14256,1
1247,179,144,255,25776,1
1388,179,144,255,25776,1
1515,179,144,255,25776,1
1581,179,144,255,25776,1
1654,179,143,255,25597,1
1707,179,143,255,25597,1
1749,178,140,255,24920,1
1782,149,136,255,20264,1
1782,86,136,255,11696,1
1729,87,136,255,11832,1
1153,177,143,255,25311,1
1370,176,142,255,24992,1
1549,178,142,255,25276,1
1890,179,141,255,25239,1
2024,179,141,255,25239,1
2136,179,141,255,25239,1
1970,179,143,255,25597,1
2019,179,144,255,25776,1
2028,178,142,255,25276,1
1100,179,140,255,25060,1
1358,178,140,255,24920,1
1552,178,140,255,24920,1
1696,179,140,255,25060,1
1821,179,139,255,24881,1
1918,179,142,255,25418,1
1997,177,141,255,24957,1
2050,178,141,255,25098,1
2089,178,142,255,25276,1
2346,179,143,255,25597,1
1052,178,138,255,24564,1
1339,177,138,255,24426,1
1452,178,139,255,24742,1
1681,179,139,255,24881,1
1874,178,139,255,24742,1
2017,177,144,255,25488,1
2128,178,148,255,26344,1
2202,179,148,255,26492,1
2261,179,149,255,26671,1
5,87,59,255,5133,0
12,87,59,255,5133,0
104,87,59,255,5133,0
221,86,59,255,5074,0
328,86,57,255,4902,0
657,86,57,255,4902,0
741,86,57,255,4902,0
835,86,57,255,4902,0
656,85,57,255,4845,0
746,178,143,255,25454,1
712,179,146,255,26134,1
784,178,147,255,26166,1
1093,179,143,255,25597,1
1434,178,145,255,25810,1
1717,179,142,255,25418,1
1944,179,136,255,24344,1
2095,179,138,255,24702,1
2250,178,139,255,24742,1
2363,178,140,255,24920,1
456,179,139,255,24881,1
567,179,139,255,24881,1
626,179,141,255,25239,1
964,179,143,255,25597,1
1232,179,143,255,25597,1
1585,178,143,255,25454,1
1900,178,143,255,25454,1
2098,177,142,255,25134,1
2328,178,143,255,25454,1
362,179,138,255,24702,1
377,179,137,255,24523,1
410,179,138,255,24702,1
449,179,138,255,24702,1
757,179,142,255,25418,1
1196,179,146,255,26134,1
1597,178,145,255,25810,1
1946,179,146,255,26134,1
2333,176,147,255,25872,1
385,179,147,255,26313,1
408,179,148,255,26492,1
448,179,149,255,26671,1
451,179,150,255,26850,1
557,179,150,255,26850,1
913,179,150,255,26850,1
1355,179,150,255,26850,1
1756,179,150,255,26850,1
2123,179,150,255,26850,1
2382,179,149,255,26671,1
396,178,145,255,25810,1
391,179,144,255,25776,1
403,179,143,255,25597,1
426,179,140,255,25060,1
575,179,141,255,25239,1
960,179,143,255,25597,1
1408,179,144,255,25776,1
1837,179,144,255,25776,1
2086,178,145,255,25810,1
384,177,154,255,27258,1
337,177,153,255,27081,1
258,177,154,255,27258,1
275,179,154,255,27566,1
324,179,150,255,26850,1
292,179,149,255,26671,1
503,179,150,255,26850,1
941,179,150,255,26850,1
1436,179,150,255,26850,1
1941,179,149,255,26671,1
346,178,171,255,30438,1
402,179,171,255,30609,1
354,179,172,255,30788,1
369,179,172,255,30788,1
333,179,171,255,30609,1
306,179,171,255,30609,1
282,179,171,255,30609,1
425,178,115,255,20470,1
357,179,115,255,20585,1
323,178,115,255,20470,1
323,178,115,255,20470,1
323,178,115,255,20470,1
323,178,115,255,20470,1
251,179,115,255,20585,1
241,178,115,255,20470,1
241,178,115,255,20470,1
247,178,115,255,20470,1
104,179,109,255,19511,1
171,179,109,255,19511,1
188,179,109,255,19511,1
116,179,109,255,19511,1
116,179,109,255,19511,1
116,179,109,255,19511,1
108,179,110,255,19690,1
108,179,110,255,19690,1
108,179,110,255,19690,1
108,179,110,255,19690,1
121,179,130,255,23270,1
121,179,130,255,23270,1
1176,179,161,227,28819,1
1176,179,161,227,28819,1
1176,179,161,227,28819,1
115,179,128,255,22912,1
115,179,128,255,22912,1
115,179,128,255,22912,1
112,179,126,255,22554,1
112,179,126,255,22554,1
422,179,153,255,27387,1
337,179,152,255,27208,1
391,179,152,255,27208,1
320,179,150,255,26850,1
458,179,150,255,26850,1
393,179,150,255,26850,1
322,179,149,255,26671,1
337,179,150,255,26850,1
334,179,150,255,26850,1
446,179,151,255,27029,1
511,178,159,255,28302,1
425,177,161,255,28497,1
411,178,162,255,28836,1
348,178,164,255,29192,1
330,178,165,255,29370,1
273,178,162,255,28836,1
210,179,158,255,28282,1
161,179,152,255,27208,1
174,179,146,255,26134,1
160,179,142,255,25418,1
123,179,144,255,25776,1
221,178,166,255,29548,1
287,178,172,255,30616,1
299,177,173,255,30621,1
750,179,173,255,30967,1
738,179,172,255,30788,1
733,179,169,255,30251,1
153,178,179,255,31862,1
129,178,185,255,32930,1
132,177,184,255,32568,1
147,178,182,255,32396,1
226,178,173,255,30794,1
281,179,168,255,30072,1
354,178,162,255,28836,1
433,178,162,255,28836,1
489,178,163,255,29014,1
677,177,161,253,28497,1
774,178,157,254,27946,1
853,178,151,254,26878,1
929,178,149,255,26522,1
995,179,148,255,26492,1
1048,178,147,255,26166,1
1089,178,146,255,25988,1
1013,178,143,255,25454,1
1051,178,141,255,25098,1
1064,178,143,255,25454,1
1150,176,144,255,25344,1
21,179,169,234,30251,1
18,178,169,236,30082,1
690,179,169,239,30251,1
691,179,169,239,30251,1
1350,178,143,255,25454,1
1293,178,143,255,25454,1
1026,178,148,255,26344,1
864,179,153,255,27387,1
697,179,154,253,27566,1
649,179,158,254,28282,1
539,179,169,255,30251,1
647,179,169,255,30251,1
572,179,169,255,30251,1
557,179,168,255,30072,1
525,179,163,255,29177,1
568,179,158,255,28282,1
601,179,153,255,27387,1
673,179,159,255,28461,1
556,178,159,255,28302,1
2478,179,153,255,27387,1
2507,179,156,255,27924,1
2421,179,156,255,27924,1
1976,179,156,255,27924,1
1656,179,156,255,27924,1
1592,179,155,255,27745,1
1292,179,155,255,27745,1
980,179,154,255,27566,1
726,179,150,255,26850,1
726,179,150,255,26850,1
1612,178,127,255,22606,1
1604,178,128,255,22784,1
1508,178,128,255,22784,1
1490,178,129,255,22962,1
1514,179,130,255,23270,1
1563,178,130,255,23140,1
1563,178,130,255,23140,1
1590,178,130,255,23140,1
1752,179,141,255,25239,1
1726,179,143,255,25597,1
1715,179,143,255,25597,1
1729,178,147,255,26166,1
1687,178,146,255,25988,1
1720,178,150,255,26700,1
1720,178,150,255,26700,1
1830,178,153,255,27234,1
1858,178,152,255,27056,1
1919,177,155,255,27435,1
889,179,172,255,30788,1
757,179,171,255,30609,1
782,179,171,255,30609,1
887,179,172,255,30788,1
897,179,172,255,30788,1
922,179,172,255,30788,1
922,179,172,255,30788,1
855,179,172,255,30788,1
855,179,172,255,30788,1
1177,179,173,255,30967,1
1378,178,151,255,26878,1
1384,178,151,255,26878,1
1394,178,151,255,26878,1
1414,178,151,255,26878,1
1706,178,151,255,26878,1
1746,178,152,255,27056,1
1746,178,152,255,27056,1
1868,178,152,255,27056,1
2965,178,153,255,27234,1
3961,176,142,255,24992,1
3961,176,142,255,24992,1
3961,176,142,255,24992,1
3961,176,142,255,24992,1
3961,176,142,255,24992,1
2246,176,143,255,25168,1
2233,176,143,255,25168,1
2233,176,143,255,25168,1
2103,176,143,255,25168,1
2103,176,143,255,25168,1
2118,176,143,255,25168,1
2046,175,138,255,24150,1
2046,175,138,255,24150,1
2061,175,139,255,24325,1
2061,175,139,255,24325,1
2061,175,139,255,24325,1
2061,175,139,255,24325,1
2061,175,139,255,24325,1
2061,175,139,255,24325,1
2061,175,139,255,24325,1
2061,175,139,255,24325,1
2117,177,137,255,24249,1
2117,177,137,255,24249,1
2117,177,137,255,24249,1
2117,177,137,255,24249,1
2114,177,137,255,24249,1
2114,177,137,255,24249,1
2114,177,137,255,24249,1
2099,177,137,255,24249,1
1989,177,137,255,24249,1
1989,177,137,255,24249,1
1941,173,136,255,23528,1
1941,173,136,255,23528,1
1941,173,136,255,23528,1
1946,174,136,255,23664,1
1946,174,136,255,23664,1
1946,174,136,255,23664,1
1946,174,136,255,23664,1
1946,174,136,255,23664,1
1946,174,136,255,23664,1
1946,174,136,255,23664,1
1996,176,134,255,23584,1
1996,176,134,255,23584,1
1996,176,134,255,23584,1
1996,176,134,255,23584,1
1996,176,134,255,23584,1
1977,177,134,255,23718,1
1977,177,134,255,23718,1
1977,177,134,255,23718,1
1965,174,134,255,23316,1
1835,175,134,255,23450,1
1885,178,135,255,24030,1
1901,178,135,255,24030,1
1901,178,135,255,24030,1
1901,178,135,255,24030,1
1931,178,135,255,24030,1
1931,178,135,255,24030,1
1931,178,135,255,24030,1
1931,178,135,255,24030,1
1931,178,135,255,24030,1
1931,178,135,255,24030,1
2096,179,137,255,24523,1
2096,179,137,255,24523,1
2096,179,137,255,24523,1
2096,179,137,255,24523,1
2096,179,137,255,24523,1
2096,179,137,255,24523,1
2084,179,137,255,24523,1
2084,179,137,255,24523,1
2084,179,137,255,24523,1
2074,176,137,255,24112,1
1943,179,137,255,24523,1
2007,176,133,255,23408,1
2007,176,133,255,23408,1
2019,176,133,255,23408,1
2019,176,133,255,23408,1
2019,176,133,255,23408,1
2028,176,133,255,23408,1
2028,176,133,255,23408,1
2028,176,133,255,23408,1
2028,176,133,255,23408,1
2028,176,133,255,23408,1
2082,177,132,255,23364,1
2064,177,131,255,23187,1
2064,177,131,255,23187,1
2064,177,131,255,23187,1
2045,177,131,255,23187,1
1901,177,131,255,23187,1
1901,177,131,255,23187,1
1901,177,131,255,23187,1
1901,177,131,255,23187,1
1901,177,131,255,23187,1
191,91,39,255,3549,0
191,91,39,255,3549,0
191,91,39,255,3549,0
191,91,39,255,3549,0
191,91,39,255,3549,0
191,91,39,255,3549,0
187,91,39,255,3549,0
187,91,39,255,3549,0
187,91,39,255,3549,0
187,91,39,255,3549,0
2127,175,135,255,23625,1
2127,175,135,255,23625,1
2127,175,135,255,23625,1
2127,175,135,255,23625,1
2127,175,135,255,23625,1
2127,175,135,255,23625,1
2127,175,135,255,23625,1
1931,175,135,255,23625,1
1931,175,135,255,23625,1
1931,175,135,255,23625,1
2113,179,137,255,24523,1
2113,179,137,255,24523,1
2113,179,137,255,24523,1
2113,179,137,255,24523,1
2113,179,137,255,24523,1
2113,179,137,255,24523,1
2113,179,137,255,24523,1
2128,179,138,255,24702,1
1898,179,137,255,24523,1
1898,179,137,255,24523,1
2056,179,137,255,24523,1
2056,179,137,255,24523,1
2056,179,137,255,24523,1
2056,179,137,255,24523,1
2056,179,137,255,24523,1
2056,179,137,255,24523,1
2056,179,137,255,24523,1
2056,179,137,255,24523,1
2056,179,137,255,24523,1
1852,179,138,255,24702,1
1878,179,143,255,25597,1
1878,179,143,255,25597,1
1878,179,143,255,25597,1
1878,179,143,255,25597,1
1878,179,143,255,25597,1
1878,179,143,255,25597,1
1878,179,143,255,25597,1
1878,179,143,255,25597,1
1878,179,143,255,25597,1
1878,179,143,255,25597,1
2017,178,135,255,24030,1
1802,178,135,255,24030,1
1824,178,135,255,24030,1
1802,178,135,255,24030,1
1802,178,135,255,24030,1
1802,178,135,255,24030,1
1802,178,135,255,24030,1
1802,178,135,255,24030,1
1802,178,135,255,24030,1
1802,178,135,255,24030,1
2099,179,145,255,25955,1
2099,179,145,255,25955,1
1877,179,145,255,25955,1
1877,179,145,255,25955,1
1877,179,145,255,25955,1
1877,179,145,255,25955,1
1877,179,145,255,25955,1
1877,179,145,255,25955,1
1877,179,145,255,25955,1
1877,179,145,255,25955,1
2089,178,136,255,24208,1
2089,178,136,255,24208,1
2089,178,136,255,24208,1
1893,178,137,255,24386,1
1893,178,137,255,24386,1
1893,178,137,255,24386,1
1893,178,137,255,24386,1
1893,178,137,255,24386,1
1893,178,137,255,24386,1
1893,178,137,255,24386,1
1984,177,141,255,24957,1
1984,177,141,255,24957,1
1984,177,141,255,24957,1
1984,177,141,255,24957,1
1775,177,141,255,24957,1
1775,177,141,255,24957,1
1775,177,141,255,24957,1
1775,177,141,255,24957,1
1775,177,141,255,24957,1
1775,177,141,255,24957,1
1838,177,134,255,23718,1
1838,177,134,255,23718,1
1838,177,134,255,23718,1
1838,177,134,255,23718,1
1863,177,134,255,23718,1
1613,178,134,255,23852,1
1613,178,134,255,23852,1
1613,178,134,255,23852,1
1613,178,134,255,23852,1
1613,178,134,255,23852,1
1939,179,141,255,25239,1
1939,179,141,255,25239,1
1939,179,141,255,25239,1
1939,179,141,255,25239,1
1939,179,141,255,25239,1
1939,179,141,255,25239,1
1939,179,141,255,25239,1
1714,179,141,255,25239,1
1730,179,141,255,25239,1
1714,179,141,255,25239,1
1939,177,139,255,24603,1
1939,177,139,255,24603,1
1939,177,139,255,24603,1
1939,177,139,255,24603,1
1939,177,139,255,24603,1
1939,177,139,255,24603,1
1939,177,139,255,24603,1
1939,177,139,255,24603,1
1703,177,139,255,24603,1
1703,177,139,255,24603,1
1943,178,145,255,25810,1
1943,178,145,255,25810,1
1943,178,145,255,25810,1
1943,178,145,255,25810,1
1943,178,145,255,25810,1
1943,178,145,255,25810,1
1943,178,145,255,25810,1
1943,178,145,255,25810,1
1943,178,145,255,25810,1
1706,178,145,255,25810,1
1787,178,136,255,24208,1
1787,178,136,255,24208,1
1787,178,136,255,24208,1
1787,178,136,255,24208,1
1787,178,136,255,24208,1
1787,178,136,255,24208,1
1787,178,136,255,24208,1
1787,178,136,255,24208,1
1787,178,136,255,24208,1
1787,178,136,255,24208,1
1748,177,135,255,23895,1
1748,177,135,255,23895,1
1748,177,135,255,23895,1
1748,177,135,255,23895,1
1748,177,135,255,23895,1
1748,177,135,255,23895,1
1748,177,135,255,23895,1
1748,177,135,255,23895,1
1748,177,135,255,23895,1
1748,177,135,255,23895,1
2127,179,142,255,25418,1
1935,179,142,255,25418,1
1935,179,142,255,25418,1
1935,179,142,255,25418,1
1935,179,142,255,25418,1
1935,179,142,255,25418,1
1935,179,142,255,25418,1
1935,179,142,255,25418,1
1935,179,142,255,25418,1
1935,179,142,255,25418,1
2219,174,135,255,23490,1
2219,174,135,255,23490,1
1998,174,134,255,23316,1
1998,174,134,255,23316,1
1998,174,134,255,23316,1
1998,174,134,255,23316,1
1998,174,134,255,23316,1
1998,174,134,255,23316,1
1998,174,134,255,23316,1
1998,174,134,255,23316,1
1894,177,124,255,21948,1
1894,177,124,255,21948,1
1769,177,123,255,21771,1
1555,177,122,255,21594,1
1555,177,122,255,21594,1
1426,177,122,255,21594,1
1426,177,122,255,21594,1
1426,177,122,255,21594,1
1426,177,122,255,21594,1
1426,177,122,255,21594,1
445,179,171,255,30609,1
448,179,172,252,30788,1
448,179,172,252,30788,1
448,179,172,252,30788,1
507,179,171,243,30609,1
507,179,171,243,30609,1
448,179,172,252,30788,1
448,179,172,252,30788,1
473,179,172,233,30788,1
473,179,172,233,30788,1
364,176,187,216,32912,1
364,176,187,216,32912,1
364,176,187,216,32912,1
364,176,187,216,32912,1
364,176,187,216,32912,1
364,176,187,216,32912,1
448,177,187,216,33099,1
448,177,187,216,33099,1
448,177,187,216,33099,1
448,177,187,216,33099,1
3187,179,164,255,29356,1
3187,179,164,255,29356,1
3187,179,164,255,29356,1
3187,179,164,255,29356,1
3187,179,164,255,29356,1
3187,179,164,255,29356,1
3187,179,164,255,29356,1
3154,177,178,255,31506,1
78,178,252,222,44856,1
93,179,254,223,45466,1
95,179,253,222,45287,1
101,178,253,222,45034,1
171,178,254,222,45212,1
96,178,254,222,45212,1
93,178,251,222,44678,1
93,179,249,222,44571,1
131,179,240,222,42960,1
74,179,236,222,42244,1
622,179,162,255,28998,1
631,179,162,255,28998,1
493,179,161,255,28819,1
455,179,160,255,28640,1
444,179,159,255,28461,1
444,179,159,255,28461,1
513,179,155,236,27745,1
495,179,155,237,27745,1
588,179,154,240,27566,1
599,179,154,240,27566,1
650,179,127,255,22733,1
650,179,127,255,22733,1
628,179,126,255,22554,1
628,179,126,255,22554,1
704,178,126,255,22428,1
704,178,126,255,22428,1
788,178,125,255,22250,1
943,177,125,255,22125,1
825,178,129,255,22962,1
750,178,128,255,22784,1
750,178,128,255,22784,1
753,178,126,255,22428,1
753,178,126,255,22428,1
803,179,124,255,22196,1
931,178,124,255,22072,1
997,177,123,255,21771,1
896,178,126,255,22428,1
863,177,126,255,22302,1
863,177,126,255,22302,1
863,177,126,255,22302,1
888,178,127,255,22606,1
888,178,127,255,22606,1
970,177,127,255,22479,1
970,177,127,255,22479,1
922,178,122,255,21716,1
922,178,122,255,21716,1
910,178,122,255,21716,1
910,178,122,255,21716,1
554,178,122,255,21716,1
554,178,122,255,21716,1
554,178,122,255,21716,1
669,178,123,255,21894,1
556,179,126,255,22554,1
556,179,126,255,22554,1
531,179,125,255,22375,1
531,179,125,255,22375,1
531,179,125,255,22375,1
572,179,125,255,22375,1
572,179,125,255,22375,1
622,179,125,255,22375,1
581,178,128,255,22784,1
581,178,128,255,22784,1
581,178,128,255,22784,1
562,175,128,255,22400,1
562,175,128,255,22400,1
562,175,128,255,22400,1
562,175,128,255,22400,1
589,176,128,255,22528,1
589,176,128,255,22528,1
510,176,123,255,21648,1
510,176,123,255,21648,1
477,177,123,255,21771,1
477,177,123,255,21771,1
477,177,123,255,21771,1
477,177,123,255,21771,1
522,177,123,255,21771,1
522,177,123,255,21771,1
522,177,123,255,21771,1
498,177,120,255,21240,1
492,177,120,255,21240,1
499,177,120,255,21240,1
499,177,120,255,21240,1
499,177,120,255,21240,1
499,177,120,255,21240,1
584,177,121,255,21417,1
584,177,121,255,21417,1
584,177,121,255,21417,1
508,177,127,255,22479,1
595,177,127,255,22479,1
595,177,127,255,22479,1
592,177,126,255,22302,1
592,177,126,255,22302,1
592,177,126,255,22302,1
592,177,126,255,22302,1
592,177,126,255,22302,1
568,177,126,255,22302,1
569,179,121,255,21659,1
531,179,121,255,21659,1
531,179,121,255,21659,1
531,179,121,255,21659,1
529,179,121,255,21659,1
529,179,121,255,21659,1
529,179,121,255,21659,1
529,179,121,255,21659,1
529,179,121,255,21659,1
529,179,121,255,21659,1
635,179,123,255,22017,1
598,179,123,255,22017,1
598,179,123,255,22017,1
594,179,123,255,22017,1
594,179,123,255,22017,1
594,179,123,255,22017,1
594,179,123,255,22017,1
594,179,123,255,22017,1
594,179,123,255,22017,1
594,179,123,255,22017,1
586,176,132,255,23232,1
586,176,132,255,23232,1
586,176,132,255,23232,1
586,176,132,255,23232,1
581,176,131,255,23056,1
581,176,131,255,23056,1
581,176,131,255,23056,1
585,176,131,255,23056,1
554,175,131,255,22925,1
585,176,131,255,23056,1
554,175,131,255,22925,1
530,178,125,255,22250,1
530,178,125,255,22250,1
530,178,125,255,22250,1
526,178,125,255,22250,1
526,178,125,255,22250,1
526,178,125,255,22250,1
1522,178,125,255,22250,1
1522,178,125,255,22250,1
526,177,124,255,21948,1
526,177,124,255,21948,1
589,178,129,255,22962,1
583,178,129,255,22962,1
583,178,129,255,22962,1
583,178,129,255,22962,1
583,178,129,255,22962,1
583,178,129,255,22962,1
579,178,128,255,22784,1
579,178,128,255,22784,1
582,178,129,255,22962,1
582,178,129,255,22962,1
582,178,129,255,22962,1
470,176,124,255,21824,1
470,176,124,255,21824,1
470,176,124,255,21824,1
470,176,124,255,21824,1
470,176,124,255,21824,1
488,178,124,255,22072,1
488,178,124,255,22072,1
488,178,124,255,22072,1
488,178,124,255,22072,1
488,178,124,255,22072,1
602,179,128,255,22912,1
602,179,128,255,22912,1
602,179,128,255,22912,1
594,179,127,255,22733,1
594,179,127,255,22733,1
594,179,127,255,22733,1
594,179,127,255,22733,1
594,179,127,255,22733,1
594,179,127,255,22733,1
594,179,127,255,22733,1
755,178,123,255,21894,1
755,178,123,255,21894,1
729,178,123,255,21894,1
729,178,123,255,21894,1
787,178,123,255,21894,1
787,178,123,255,21894,1
787,178,123,255,21894,1
736,178,123,255,21894,1
736,178,123,255,21894,1
943,177,133,255,23541,1
943,177,133,255,23541,1
943,177,133,255,23541,1
939,177,133,255,23541,1
944,177,133,255,23541,1
944,177,133,255,23541,1
914,177,133,255,23541,1
914,177,133,255,23541,1
914,177,133,255,23541,1
914,177,133,255,23541,1
875,175,135,255,23625,1
824,174,136,255,23664,1
824,174,136,255,23664,1
824,174,136,255,23664,1
824,174,136,255,23664,1
824,174,136,255,23664,1
794,174,138,255,24012,1
804,174,138,255,24012,1
804,174,138,255,24012,1
804,174,138,255,24012,1
926,176,134,255,23584,1
900,175,134,255,23450,1
900,175,134,255,23450,1
900,175,134,255,23450,1
909,175,134,255,23450,1
923,177,134,255,23718,1
923,177,134,255,23718,1
892,177,134,255,23718,1
892,177,134,255,23718,1
874,174,134,255,23316,1
928,177,111,255,19647,1
928,177,111,255,19647,1
929,177,111,255,19647,1
915,177,111,255,19647,1
915,177,111,255,19647,1
915,177,111,255,19647,1
918,177,111,255,19647,1
918,177,111,255,19647,1
918,177,111,255,19647,1
1207,176,124,255,21824,1
1207,176,124,255,21824,1
1207,176,124,255,21824,1
1273,176,122,255,21472,1
1273,176,122,255,21472,1
1307,175,120,255,21000,1
1307,175,120,255,21000,1
1079,177,120,255,21240,1
1079,177,120,255,21240,1
1141,177,121,255,21417,1
1119,177,121,255,21417,1
1187,177,120,255,21240,1
1187,177,120,255,21240,1
1271,177,119,255,21063,1
1275,177,119,255,21063,1
1047,179,124,255,22196,1
1174,179,124,255,22196,1
1174,179,124,255,22196,1
1232,179,124,255,22196,1
1232,179,124,255,22196,1
1301,179,124,255,22196,1
1301,179,124,255,22196,1
1434,179,124,255,22196,1
1085,176,130,255,22880,1
1063,176,128,255,22528,1
1063,176,128,255,22528,1
1126,176,127,255,22352,1
1090,176,127,255,22352,1
1133,177,125,255,22125,1
1133,177,125,255,22125,1
1174,176,123,255,21648,1
1159,176,123,255,21648,1
932,177,126,255,22302,1
924,177,126,255,22302,1
960,179,128,255,22912,1
960,179,128,255,22912,1
1013,177,130,255,23010,1
1117,178,132,255,23496,1
1192,179,131,255,23449,1
840,177,128,255,22656,1
847,177,128,255,22656,1
845,178,128,255,22784,1
875,178,128,255,22784,1
924,177,125,255,22125,1
796,176,129,255,22704,1
796,176,129,255,22704,1
724,176,129,255,22704,1
724,176,129,255,22704,1
696,177,128,255,22656,1
696,177,128,255,22656,1
695,176,130,255,22880,1
724,177,129,255,22833,1
753,177,130,255,23010,1
979,177,123,255,21771,1
693,177,122,255,21594,1
693,177,122,255,21594,1
627,178,122,255,21716,1
607,177,124,255,21948,1
607,177,124,255,21948,1
612,177,126,255,22302,1
631,177,126,255,22302,1
692,177,128,255,22656,1
898,176,120,255,21120,1
658,177,120,255,21240,1
644,178,120,255,21360,1
638,179,120,255,21480,1
669,179,120,255,21480,1
683,178,120,255,21360,1
712,179,120,255,21480,1
873,177,128,255,22656,1
759,177,128,255,22656,1
774,177,127,255,22479,1
781,177,128,255,22656,1
817,178,128,255,22784,1
871,178,126,255,22428,1
871,178,126,255,22428,1
889,177,126,255,22302,1
958,177,133,255,23541,1
762,178,131,255,23318,1
766,178,129,255,22962,1
785,179,132,255,23628,1
785,179,132,255,23628,1
767,179,133,255,23807,1
803,178,133,255,23674,1
834,178,133,255,23674,1
1065,177,136,255,24072,1
726,177,136,255,24072,1
669,177,137,255,24249,1
654,178,136,255,24208,1
681,179,136,255,24344,1
681,179,136,255,24344,1
742,178,134,255,23852,1
818,177,131,255,23187,1
924,176,132,255,23232,1
1041,177,136,255,24072,1
779,176,135,255,23760,1
598,177,134,255,23718,1
644,178,132,255,23496,1
676,178,129,255,22962,1
615,179,125,255,22375,1
610,177,121,255,21417,1
587,177,117,255,20709,1
550,174,111,255,19314,1
513,173,105,255,18165,1
541,179,83,255,14857,1
239,179,84,255,15036,1
141,178,84,255,14952,1
147,178,82,255,14596,1
172,178,83,255,14774,1
192,178,82,255,14596,1
218,179,79,255,14141,1
386,179,76,255,13604,1
386,179,76,255,13604,1
437,179,79,255,14141,1
470,179,81,255,14499,1
643,174,80,255,13920,1
299,175,79,255,13825,1
242,175,78,255,13650,1
246,176,80,255,14080,1
244,175,79,255,13825,1
247,176,80,255,14080,1
251,176,81,255,14256,1
282,175,80,255,14000,1
290,174,80,255,13920,1
304,171,79,255,13509,1
325,172,73,255,12556,1
611,174,66,255,11484,1
492,173,65,255,11245,1
282,174,64,255,11136,1
277,176,65,255,11440,1
320,176,66,255,11616,1
389,177,68,255,12036,1
403,177,65,255,11505,1
433,175,67,255,11725,1
482,175,79,255,13825,1
561,175,91,255,15925,1
1858,176,127,255,22352,1
1691,178,129,255,22962,1
1531,176,130,255,22880,1
1342,178,132,255,23496,1
1323,177,135,255,23895,1
1285,176,132,255,23232,1
1238,177,136,255,24072,1
1195,177,132,255,23364,1
1148,178,130,255,23140,1
1102,179,126,255,22554,1
1077,177,126,255,22302,1
1049,177,126,255,22302,1
1011,177,127,255,22479,1
1032,176,126,255,22176,1
1130,177,125,255,22125,1
1628,178,129,255,22962,1
1421,178,131,255,23318,1
1310,177,134,255,23718,1
1299,178,136,255,24208,1
1304,177,139,255,24603,1
1297,178,141,255,25098,1
1275,177,141,255,24957,1
1206,177,144,255,25488,1
1132,176,150,255,26400,1
1108,176,153,255,26928,1
1099,176,153,255,26928,1
1092,177,153,255,27081,1
1110,176,152,255,26752,1
1258,177,149,255,26373,1
1422,176,147,255,25872,1
1679,176,148,255,26048,1
1675,176,152,255,26752,1
1704,177,152,255,26904,1
1732,175,154,255,26950,1
1727,177,153,255,27081,1
1706,175,153,255,26775,1
1646,178,147,255,26166,1
1591,178,150,255,26700,1
1574,177,154,255,27258,1
1575,177,151,255,26727,1
1524,177,153,255,27081,1
1460,176,154,255,27104,1
1394,176,149,255,26224,1
1360,179,142,255,25418,1
1349,175,143,255,25025,1
1325,176,146,255,25696,1
1295,175,144,255,25200,1
1534,177,144,255,25488,1
1704,177,144,255,25488,1
1429,177,148,255,26196,1
1414,178,149,255,26522,1
1460,177,146,255,25842,1
1545,178,145,255,25810,1
1582,175,152,255,26600,1
1619,175,156,255,27300,1
1642,175,158,255,27650,1
1675,177,158,255,27966,1
1682,177,159,255,28143,1
1655,178,161,255,28658,1
1616,178,155,255,27590,1
1607,177,147,255,26019,1
1544,179,151,255,27029,1
1450,179,152,255,27208,1
1355,176,154,255,27104,1
1041,176,156,255,27456,1
932,176,156,255,27456,1
813,177,151,255,26727,1
707,174,151,255,26274,1
620,175,154,255,26950,1
557,175,158,255,27650,1
580,178,158,255,28124,1
747,177,158,255,27966,1
1180,178,154,255,27412,1
1458,176,150,255,26400,1
1735,174,149,255,25926,1
1779,177,152,255,26904,1
1315,177,153,255,27081,1
1145,176,153,255,26928,1
875,177,149,255,26373,1
728,177,151,255,26727,1
731,178,147,255,26166,1
679,178,149,255,26522,1
571,178,147,255,26166,1
612,178,146,255,25988,1
731,177,145,255,25665,1
771,177,145,255,25665,1
696,176,146,255,25696,1
724,176,147,255,25872,1
772,176,146,255,25696,1
866,176,143,255,25168,1
1119,177,138,255,24426,1
1212,177,135,255,23895,1
1269,177,136,255,24072,1
1300,178,136,255,24208,1
1292,177,135,255,23895,1
1249,177,133,255,23541,1
1229,178,128,255,22784,1
1246,178,120,255,21360,1
1340,176,115,255,20240,1
1365,177,117,255,20709,1
1388,178,122,255,21716,1
1403,178,126,255,22428,1
1404,177,127,255,22479,1
1410,178,128,255,22784,1
1428,179,129,255,23091,1
1437,179,131,255,23449,1
1454,177,130,255,23010,1
1482,178,129,255,22962,1
1405,177,126,255,22302,1
1435,178,125,255,22250,1
1366,179,121,255,21659,1
1433,179,119,255,21301,1
1636,179,120,255,21480,1
1840,178,124,255,22072,1
2047,179,130,255,23270,1
2045,179,133,255,23807,1
2018,179,134,255,23986,1
2047,179,133,255,23807,1
2144,178,132,255,23496,1
2366,178,136,255,24208,1
2605,178,138,255,24564,1
2719,178,139,255,24742,1
2728,178,141,255,25098,1
2924,179,147,255,26313,1
1644,179,139,255,24881,1
1682,179,133,255,23807,1
1751,178,133,255,23674,1
1782,178,133,255,23674,1
1808,179,132,255,23628,1
1810,177,131,255,23187,1
1748,179,134,255,23986,1
1638,179,135,255,24165,1
1522,178,135,255,24030,1
1451,178,133,255,23674,1
1416,178,134,255,23852,1
1425,178,136,255,24208,1
1506,178,141,255,25098,1
1526,178,142,255,25276,1
1557,179,142,255,25418,1
1577,179,144,255,25776,1
1550,179,144,255,25776,1
1462,179,145,255,25955,1
1328,179,145,255,25955,1
1202,179,145,255,25955,1
1110,178,152,255,27056,1
1053,177,153,255,27081,1
1022,178,154,255,27412,1
1013,179,154,255,27566,1
1014,178,152,255,27056,1
1028,178,147,255,26166,1
1052,178,147,255,26166,1
1068,179,146,255,26134,1
1094,179,146,255,26134,1
1126,179,150,255,26850,1
1164,179,159,255,28461,1
1190,177,160,255,28320,1
1210,177,161,255,28497,1
1221,179,161,255,28819,1
1899,179,159,255,28461,1
1854,179,159,255,28461,1
1830,179,159,255,28461,1
1854,179,159,255,28461,1
1905,179,154,255,27566,1
1928,179,146,255,26134,1
1926,179,140,255,25060,1
1915,179,133,255,23807,1
1931,179,135,255,24165,1
1952,179,135,255,24165,1
1956,179,139,255,24881,1
1937,179,145,255,25955,1
1932,179,145,255,25955,1
1945,179,145,255,25955,1
1957,179,140,255,25060,1
1943,179,140,255,25060,1
1916,179,139,255,24881,1
1893,179,138,255,24702,1
1876,179,136,255,24344,1
1865,179,136,255,24344,1
1848,179,136,255,24344,1
1839,179,136,255,24344,1
1827,179,136,255,24344,1
1805,179,135,255,24165,1
1786,179,135,255,24165,1
1774,179,138,255,24702,1
1782,179,138,255,24702,1
1792,179,138,255,24702,1
1783,179,137,255,24523,1
1764,179,140,255,25060,1
1735,178,141,255,25098,1
1704,178,141,255,25098,1
1670,179,141,255,25239,1
1638,179,141,255,25239,1
1623,179,142,255,25418,1
1613,179,144,255,25776,1
1618,179,145,255,25955,1
1630,179,146,255,26134,1
1639,179,146,255,26134,1
1644,179,146,255,26134,1
1677,179,145,255,25955,1
1690,179,143,255,25597,1
1691,179,139,255,24881,1
996,177,139,255,24603,1
1033,176,140,255,24640,1
1099,179,140,255,25060,1
1202,179,140,255,25060,1
1324,179,140,255,25060,1
1407,179,132,255,23628,1
1434,179,129,255,23091,1
1376,179,130,255,23270,1
1344,178,130,255,23140,1
1331,178,130,255,23140,1
1266,179,127,255,22733,1
1233,179,127,255,22733,1
1223,179,127,255,22733,1
1237,179,129,255,23091,1
1293,177,128,255,22656,1
1380,178,126,255,22428,1
1475,179,127,255,22733,1
1543,179,130,255,23270,1
1555,179,131,255,23449,1
1521,179,131,255,23449,1
1486,178,130,255,23140,1
4227,179,128,255,22912,1
4105,179,126,255,22554,1
3948,179,123,255,22017,1
3941,179,121,255,21659,1
3925,179,121,255,21659,1
3880,179,120,255,21480,1
3845,179,119,255,21301,1
3796,178,118,255,21004,1
3540,178,122,255,21716,1
3345,178,126,255,22428,1
3354,178,127,255,22606,1
3312,178,128,255,22784,1
3317,177,127,255,22479,1
3292,177,124,255,21948,1
3234,177,122,255,21594,1
3175,177,125,255,22125,1
3083,177,126,255,22302,1
2924,177,126,255,22302,1
2724,177,126,255,22302,1
2543,177,126,255,22302,1
2473,179,123,255,22017,1
2435,179,118,255,21122,1
2388,178,114,255,20292,1
2324,176,112,255,19712,1
2285,176,113,255,19888,1
2205,176,115,255,20240,1
2071,177,117,255,20709,1
1903,177,118,255,20886,1
1750,178,117,255,20826,1
1716,179,116,255,20764,1
1660,179,115,255,20585,1
1585,179,115,255,20585,1
1456,179,115,255,20585,1
1127,179,113,255,20227,1
962,179,112,255,20048,1
884,179,109,255,19511,1
839,179,106,255,18974,1
737,179,103,255,18437,1
638,177,103,255,18231,1
484,175,102,255,17850,1
347,175,100,255,17500,1
308,177,100,255,17700,1
320,177,100,255,17700,1
330,177,99,255,17523,1
316,177,100,255,17700,1
294,177,103,255,18231,1
250,176,105,255,18480,1
278,176,105,255,18480,1
368,176,109,255,19184,1
415,177,108,255,19116,1
405,178,107,255,19046,1
458,178,105,255,18690,1
561,179,100,255,17900,1
670,179,99,255,17721,1
2754,177,100,255,17700,1
2650,176,101,255,17776,1
2517,174,100,255,17400,1
2288,175,101,255,17675,1
2150,175,101,255,17675,1
2039,175,102,255,17850,1
1862,175,101,255,17675,1
1789,176,103,255,18128,1
1668,176,102,255,17952,1
1451,178,102,255,18156,1
1643,178,103,255,18334,1
1477,178,104,255,18512,1
1246,177,103,255,18231,1
1060,177,101,255,17877,1
890,177,104,255,18408,1
662,177,103,255,18231,1
523,178,102,255,18156,1
512,178,101,255,17978,1
521,177,100,255,17700,1
503,178,99,255,17622,1
482,177,96,255,16992,1
463,177,93,255,16461,1
448,176,92,255,16192,1
429,176,94,255,16544,1
414,175,97,255,16975,1
398,176,100,255,17600,1
387,177,102,255,18054,1
335,178,102,255,18156,1
263,178,102,255,18156,1
252,178,106,255,18868,1
397,177,107,255,18939,1
2957,176,98,255,17248,1
2851,176,97,255,17072,1
2660,177,93,255,16461,1
2415,177,90,255,15930,1
2275,177,88,255,15576,1
1861,178,93,255,16554,1
1736,178,95,255,16910,1
1422,178,103,255,18334,1
1293,177,106,255,18762,1
890,176,107,255,18832,1
872,176,110,255,19360,1
950,176,113,255,19888,1
979,177,113,255,20001,1
1036,175,115,255,20125,1
1053,176,115,255,20240,1
1095,174,112,255,19488,1
1133,177,111,255,19647,1
1192,175,112,255,19600,1
1210,177,110,255,19470,1
1162,175,107,255,18725,1
1258,176,106,255,18656,1
2104,177,107,255,18939,1
1877,178,107,255,19046,1
1599,179,107,255,19153,1
1334,178,106,255,18868,1
1097,178,106,255,18868,1
818,179,106,255,18974,1
625,179,110,255,19690,1
595,179,112,255,20048,1
613,178,112,255,19936,1
612,177,112,255,19824,1
589,177,111,255,19647,1
570,177,111,255,19647,1
545,176,112,255,19712,1
528,174,113,255,19662,1
513,174,116,255,20184,1
499,174,116,255,20184,1
498,175,116,255,20300,1
496,177,116,255,20532,1
481,177,114,255,20178,1
470,178,109,255,19402,1
453,178,106,255,18868,1
437,178,109,255,19402,1
419,177,111,255,19647,1
390,178,113,255,20114,1
369,177,113,255,20001,1
355,175,113,255,19775,1
319,175,113,255,19775,1
305,175,110,255,19250,1
308,175,108,255,18900,1
428,175,107,255,18725,1
1949,177,114,255,20178,1
1700,177,115,255,20355,1
1244,178,115,255,20470,1
970,177,113,255,20001,1
597,177,107,255,18939,1
583,178,103,255,18334,1
576,177,103,255,18231,1
579,179,104,255,18616,1
572,179,109,255,19511,1
542,178,110,255,19580,1
482,179,117,255,20943,1
474,179,118,255,21122,1
468,178,119,255,21182,1
454,178,119,255,21182,1
417,177,117,255,20709,1
401,177,114,255,20178,1
378,177,111,255,19647,1
370,177,108,255,19116,1
329,178,106,255,18868,1
312,178,109,255,19402,1
367,178,110,255,19580,1
2053,179,105,255,18795,1
1851,179,106,255,18974,1
1581,179,105,255,18795,1
1352,178,106,255,18868,1
1106,177,111,255,19647,1
844,177,112,255,19824,1
628,177,112,255,19824,1
568,176,109,255,19184,1
578,176,109,255,19184,1
595,178,108,255,19224,1
585,178,108,255,19224,1
573,177,108,255,19116,1
567,178,107,255,19046,1
560,178,106,255,18868,1
543,178,106,255,18868,1
521,178,110,255,19580,1
503,178,112,255,19936,1
484,178,113,255,20114,1
474,178,111,255,19758,1
462,179,113,255,20227,1
462,179,111,255,19869,1
444,178,108,255,19224,1
420,178,106,255,18868,1
406,178,104,255,18512,1
395,179,108,255,19332,1
389,179,111,255,19869,1
361,177,113,255,20001,1
392,177,112,255,19824,1
1948,177,110,255,19470,1
1688,178,108,255,19224,1
1204,179,103,255,18437,1
906,178,101,255,17978,1
497,179,106,255,18974,1
472,179,107,255,19153,1
474,177,116,255,20532,1
468,177,120,255,21240,1
463,178,117,255,20826,1
462,178,115,255,20470,1
469,179,118,255,21122,1
481,178,117,255,20826,1
481,178,113,255,20114,1
483,178,116,255,20648,1
486,179,116,255,20764,1
481,179,116,255,20764,1
466,179,116,255,20764,1
455,179,115,255,20585,1
451,179,112,255,20048,1
437,178,112,255,19936,1
410,178,112,255,19936,1
448,179,112,255,20048,1
589,179,113,255,20227,1
2228,178,124,255,22072,1
1885,177,125,255,22125,1
1327,178,125,255,22250,1
960,179,125,255,22375,1
507,179,118,255,21122,1
500,179,117,255,20943,1
535,179,121,255,21659,1
524,179,122,255,21838,1
532,179,121,255,21659,1
541,179,120,255,21480,1
557,177,120,255,21240,1
560,178,119,255,21182,1
572,178,118,255,21004,1
576,179,119,255,21301,1
579,179,113,255,20227,1
565,179,117,255,20943,1
538,178,126,255,22428,1
534,179,128,255,22912,1
536,179,129,255,23091,1
529,179,129,255,23091,1
554,179,129,255,23091,1
572,179,126,255,22554,1
2374,179,124,255,22196,1
2060,179,122,255,21838,1
1710,179,120,255,21480,1
1402,179,122,255,21838,1
1073,179,125,255,22375,1
688,179,129,255,23091,1
468,179,133,255,23807,1
468,178,139,255,24742,1
544,178,138,255,24564,1
565,179,138,255,24702,1
572,178,137,255,24386,1
587,178,137,255,24386,1
590,179,134,255,23986,1
593,179,129,255,23091,1
590,179,124,255,22196,1
579,179,123,255,22017,1
565,179,123,255,22017,1
533,179,122,255,21838,1
506,179,122,255,21838,1
472,179,123,255,22017,1
441,179,124,255,22196,1
422,179,126,255,22554,1
399,179,128,255,22912,1
366,79,128,255,10112,1
389,77,127,255,9779,1
1894,179,145,255,25955,1
1586,178,144,255,25632,1
1347,179,145,255,25955,1
1110,178,141,255,25098,1
797,178,134,255,23852,1
595,178,128,255,22784,1
539,179,126,255,22554,1
558,177,125,255,22125,1
574,177,125,255,22125,1
574,179,134,255,23986,1
582,178,134,255,23852,1
585,177,134,255,23718,1
560,177,133,255,23541,1
529,177,129,255,22833,1
489,179,119,255,21301,1
467,179,116,255,20764,1
449,179,117,255,20943,1
418,179,117,255,20943,1
385,179,120,255,21480,1
351,179,118,255,21122,1
327,179,118,255,21122,1
275,179,117,255,20943,1
219,179,114,255,20406,1
222,178,111,255,19758,1
1761,177,121,255,21417,1
1485,177,120,255,21240,1
1003,178,115,255,20470,1
723,178,111,255,19758,1
436,177,123,255,21771,1
421,178,125,255,22250,1
415,178,127,255,22606,1
398,177,128,255,22656,1
380,176,135,255,23760,1
361,178,132,255,23496,1
348,177,137,255,24249,1
334,176,134,255,23584,1
324,177,127,255,22479,1
310,178,120,255,21360,1
309,179,118,255,21122,1
306,178,119,255,21182,1
302,179,118,255,21122,1
302,179,122,255,21838,1
295,179,120,255,21480,1
289,178,116,255,20648,1
280,178,112,255,19936,1
203,178,110,255,19580,1
196,177,106,255,18762,1
284,176,103,255,18128,1
1836,179,116,255,20764,1
1620,179,116,255,20764,1
1140,178,121,255,21538,1
862,178,124,255,22072,1
497,177,124,255,21948,1
474,178,124,255,22072,1
495,179,115,255,20585,1
321,179,115,255,20585,1
324,179,114,255,20406,1
297,179,113,255,20227,1
249,178,113,255,20114,1
203,179,113,255,20227,1
166,179,113,255,20227,1
157,179,120,255,21480,1
168,176,123,255,21648,1
226,178,123,255,21894,1
201,179,128,255,22912,1
155,179,130,255,23270,1
120,179,130,255,23270,1
106,179,124,255,22196,1
719,179,116,255,20764,1
191,179,114,255,20406,1
193,179,116,255,20764,1
241,179,118,255,21122,1
546,179,118,255,21122,1
623,178,119,255,21182,1
696,178,121,255,21538,1
646,179,122,255,21838,1
789,176,126,255,22176,1
1309,148,136,255,20128,1
1903,177,134,255,23718,1
1368,125,127,255,15875,1
905,37,123,255,4551,1
541,134,122,255,16348,1
370,179,120,255,21480,1
406,179,121,255,21659,1
521,132,123,255,16236,1
780,162,124,255,20088,1
1032,177,122,255,21594,1
1173,178,121,255,21538,1
1295,177,125,255,22125,1
1363,178,126,255,22428,1
1372,177,126,255,22302,1
1335,177,126,255,22302,1
1284,176,123,255,21648,1
1340,175,113,255,19775,1
908,179,105,255,18795,1
547,177,105,255,18585,1
489,178,108,255,19224,1
508,179,108,255,19332,1
570,179,108,255,19332,1
664,179,107,255,19153,1
716,178,104,255,18512,1
892,179,103,255,18437,1
928,178,97,255,17266,1
747,178,86,255,15308,1
622,179,82,255,14678,1
741,179,86,255,15394,1
681,179,88,255,15752,1
787,179,90,255,16110,1
807,179,91,255,16289,1
739,168,91,255,15288,1
2419,179,89,255,15931,1
663,157,89,255,13973,1
554,44,92,255,4048,0
601,179,94,255,16826,1
608,151,95,255,14345,1
608,40,95,255,3800,0
602,39,94,255,3666,0
600,38,91,255,3458,0
621,162,90,255,14580,1
633,169,94,255,15886,1
646,177,96,255,16992,1
694,176,97,255,17072,1
772,176,96,255,16896,1
882,178,90,255,16020,1
909,178,90,255,16020,1
909,178,90,255,16020,1
909,178,90,255,16020,1
909,178,90,255,16020,1
800,179,108,255,19332,1
800,179,108,255,19332,1
800,179,108,255,19332,1
800,179,108,255,19332,1
793,179,108,255,19332,1
793,179,108,255,19332,1
793,179,108,255,19332,1
793,179,108,255,19332,1
793,179,108,255,19332,1
1140,179,125,255,22375,1
1140,179,125,255,22375,1
1140,179,125,255,22375,1
1140,179,125,255,22375,1
1140,179,125,255,22375,1
1140,179,125,255,22375,1
1140,179,125,255,22375,1
1696,179,125,255,22375,1
1696,179,125,255,22375,1
1696,179,125,255,22375,1
590,37,127,255,4699,1
590,37,127,255,4699,1
590,37,127,255,4699,1
590,37,127,255,4699,1
590,37,127,255,4699,1
590,37,127,255,4699,1
590,37,127,255,4699,1
590,37,127,255,4699,1
590,37,127,255,4699,1
590,37,127,255,4699,1
969,177,86,255,15222,1
989,177,86,255,15222,1
989,177,86,255,15222,1
989,177,86,255,15222,1
989,177,86,255,15222,1
989,177,86,255,15222,1
969,177,86,255,15222,1
969,177,86,255,15222,1
969,177,86,255,15222,1
263,178,89,255,15842,1
263,178,89,255,15842,1
263,178,89,255,15842,1
263,178,89,255,15842,1
263,178,89,255,15842,1
263,178,89,255,15842,1
263,178,89,255,15842,1
263,178,89,255,15842,1
235,47,97,255,4559,1
239,47,97,255,4559,1
239,47,97,255,4559,1
239,47,97,255,4559,1
239,47,97,255,4559,1
239,47,97,255,4559,1
235,47,97,255,4559,1
235,47,97,255,4559,1
235,47,97,255,4559,1
369,179,105,255,18795,1
369,179,105,255,18795,1
369,179,105,255,18795,1
369,179,105,255,18795,1
369,179,105,255,18795,1
369,179,105,255,18795,1
369,179,105,255,18795,1
369,179,105,255,18795,1
369,179,105,255,18795,1
369,179,105,255,18795,1
573,178,95,255,16910,1
573,178,95,255,16910,1
573,178,95,255,16910,1
573,178,95,255,16910,1
573,178,95,255,16910,1
573,178,95,255,16910,1
744,176,101,255,17776,1
744,176,101,255,17776,1
746,176,102,255,17952,1
746,176,102,255,17952,1
396,178,113,255,20114,1
396,178,113,255,20114,1
396,178,113,255,20114,1
394,178,114,255,20292,1
394,178,114,255,20292,1
394,178,114,255,20292,1
394,178,114,255,20292,1
394,178,114,255,20292,1
200,91,107,255,9737,0
200,91,107,255,9737,0
200,91,107,255,9737,0
200,91,107,255,9737,0
200,91,107,255,9737,0
200,91,107,255,9737,0
200,91,107,255,9737,0
200,91,107,255,9737,0
140,163,110,255,17930,1
140,163,110,255,17930,1
140,163,110,255,17930,1
140,163,110,255,17930,1
140,161,110,255,17710,1
140,161,110,255,17710,1
140,161,110,255,17710,1
140,161,110,255,17710,1
140,161,110,255,17710,1
56,178,115,255,20470,1
56,178,115,255,20470,1
56,178,115,255,20470,1
56,178,115,255,20470,1
56,178,115,255,20470,1
56,178,115,255,20470,1
56,178,115,255,20470,1
56,178,115,255,20470,1
54,178,115,255,20470,1
136,177,115,255,20355,1
299,173,109,255,18857,1
445,162,108,255,17496,1
433,146,108,255,15768,1
255,105,108,255,11340,1
208,152,108,255,16416,1
148,131,108,255,14148,1
119,81,108,255,8748,1
110,110,108,255,11880,1
1871,177,117,255,20709,1
1965,177,118,255,20886,1
272,179,122,255,21838,1
214,171,121,255,20691,1
197,174,121,255,21054,1
201,177,120,255,21240,1
223,173,120,255,20760,1
171,157,120,255,18840,1
170,151,120,255,18120,1
265,147,120,255,17640,1
1996,70,117,255,8190,1
1923,51,119,255,6069,1
115,39,122,255,4758,1
129,40,122,255,4880,1
156,38,122,255,4636,1
189,36,122,255,4392,1
227,37,122,255,4514,1
123,40,122,255,4880,1
84,64,122,255,7808,1
99,40,122,255,4880,1
799,101,117,255,11817,1
786,112,117,255,13104,1
858,93,117,255,10881,1
913,77,118,255,9086,1
947,123,117,255,14391,1
902,113,118,255,13334,1
1217,179,115,255,20585,1
1008,179,113,255,20227,1
1107,76,125,255,9500,1
1107,76,125,255,9500,1
1459,108,125,255,13500,1
1491,71,125,255,8875,1
1408,141,126,255,17766,1
1408,141,126,255,17766,1
1450,158,126,255,19908,1
1450,158,126,255,19908,1
1619,142,126,255,17892,1
1619,142,126,255,17892,1
1634,132,126,255,16632,1
1634,132,126,255,16632,1
2511,96,120,255,11520,1
2511,96,120,255,11520,1
2317,101,120,255,12120,1
2317,101,120,255,12120,1
2187,114,121,255,13794,1
2447,130,122,255,15860,1
2447,130,122,255,15860,1
2447,130,122,255,15860,1
2447,130,122,255,15860,1
2447,130,122,255,15860,1
1978,27,121,255,3267,1
1978,27,121,255,3267,1
1978,27,121,255,3267,1
1978,27,121,255,3267,1
1978,27,121,255,3267,1
1978,27,121,255,3267,1
1978,27,121,255,3267,1
1978,27,121,255,3267,1
1978,27,121,255,3267,1
1978,27,121,255,3267,1
2409,32,118,255,3776,1
2409,32,118,255,3776,1
2409,32,118,255,3776,1
2409,32,118,255,3776,1
2409,32,118,255,3776,1
2409,32,118,255,3776,1
2409,32,118,255,3776,1
2409,32,118,255,3776,1
2409,32,118,255,3776,1
2409,32,118,255,3776,1
1486,32,129,255,4128,1
1486,32,129,255,4128,1
1486,32,129,255,4128,1
1486,32,129,255,4128,1
1358,32,129,255,4128,1
1358,32,129,255,4128,1
1486,32,129,255,4128,1
1486,32,129,255,4128,1
1486,32,129,255,4128,1
1486,32,129,255,4128,1
2943,30,132,255,3960,1
2943,30,132,255,3960,1
2943,30,132,255,3960,1
2943,30,132,255,3960,1
2943,30,132,255,3960,1
2943,30,132,255,3960,1
2943,30,132,255,3960,1
2943,30,132,255,3960,1
2943,30,132,255,3960,1
2943,30,132,255,3960,1
1484,38,126,255,4788,1
1484,38,126,255,4788,1
1484,38,126,255,4788,1
1484,38,126,255,4788,1
1484,38,126,255,4788,1
1484,38,126,255,4788,1
1484,38,126,255,4788,1
1484,38,126,255,4788,1
1484,38,126,255,4788,1
1484,38,126,255,4788,1
2251,34,125,255,4250,1
2251,34,125,255,4250,1
2251,34,125,255,4250,1
2251,34,125,255,4250,1
2251,34,125,255,4250,1
2251,34,125,255,4250,1
2251,34,125,255,4250,1
2251,34,125,255,4250,1
2251,34,125,255,4250,1
2251,34,125,255,4250,1
1631,37,135,255,4995,1
1631,37,135,255,4995,1
1631,37,135,255,4995,1
1631,37,135,255,4995,1
1631,37,135,255,4995,1
1631,37,135,255,4995,1
1631,37,135,255,4995,1
1631,37,135,255,4995,1
1631,37,135,255,4995,1
1631,37,135,255,4995,1
2562,37,140,255,5180,1
2562,37,140,255,5180,1
2562,37,140,255,5180,1
2562,37,140,255,5180,1
2562,37,140,255,5180,1
2562,37,140,255,5180,1
2562,37,140,255,5180,1
1507,124,121,255,15004,1
1507,124,121,255,15004,1
1507,124,121,255,15004,1
1507,124,121,255,15004,1
1507,124,121,255,15004,1
1507,124,121,255,15004,1
2661,177,116,255,20532,1
2661,177,116,255,20532,1
2661,177,116,255,20532,1
2661,177,116,255,20532,1
2661,177,116,255,20532,1
1479,123,131,255,16113,1
1479,123,131,255,16113,1
1479,123,131,255,16113,1
1479,123,131,255,16113,1
1479,123,131,255,16113,1
2741,129,130,255,16770,1
2741,129,130,255,16770,1
2741,129,130,255,16770,1
2741,129,130,255,16770,1
2741,129,130,255,16770,1
1320,161,115,255,18515,1
1320,161,115,255,18515,1
1320,161,115,255,18515,1
1320,161,115,255,18515,1
1320,161,115,255,18515,1
2487,177,112,255,19824,1
2487,177,112,255,19824,1
2487,177,112,255,19824,1
2487,177,112,255,19824,1
2487,177,112,255,19824,1
1355,170,112,255,19040,1
1355,170,112,255,19040,1
1355,170,112,255,19040,1
1355,170,112,255,19040,1
1355,170,112,255,19040,1
2750,179,98,255,17542,1
2750,179,98,255,17542,1
2750,179,98,255,17542,1
2750,179,98,255,17542,1
2750,179,98,255,17542,1
1544,178,111,255,19758,1
1544,178,111,255,19758,1
1544,178,111,255,19758,1
1544,178,111,255,19758,1
1544,178,111,255,19758,1
1544,178,111,255,19758,1
1544,178,111,255,19758,1
2955,41,105,255,4305,1
2728,177,92,255,16284,1
2728,177,92,255,16284,1
2728,177,92,255,16284,1
2728,177,92,255,16284,1
2728,177,92,255,16284,1
2728,177,92,255,16284,1
2728,177,92,255,16284,1
2728,177,92,255,16284,1
2728,177,92,255,16284,1
2728,177,92,255,16284,1
1465,178,119,255,21182,1
1465,178,119,255,21182,1
1465,178,119,255,21182,1
1465,178,119,255,21182,1
1465,178,119,255,21182,1
1465,178,119,255,21182,1
1465,178,119,255,21182,1
1465,178,119,255,21182,1
1465,178,119,255,21182,1
2865,156,92,255,14352,0
3180,178,111,255,19758,1
3180,178,111,255,19758,1
3180,178,111,255,19758,1
3180,178,111,255,19758,1
3180,178,111,255,19758,1
3180,178,111,255,19758,1
3180,178,111,255,19758,1
3180,178,111,255,19758,1
3180,178,111,255,19758,1
3180,178,111,255,19758,1
1514,56,74,255,4144,0
1514,56,74,255,4144,0
1514,56,74,255,4144,0
1514,56,74,255,4144,0
1514,56,74,255,4144,0
1514,56,74,255,4144,0
1377,56,74,255,4144,0
1377,56,74,255,4144,0
1514,56,74,255,4144,0
2998,135,62,255,8370,0
4170,174,120,255,20880,1
4170,174,120,255,20880,1
4170,174,120,255,20880,1
4089,173,120,255,20760,1
4131,173,120,255,20760,1
4177,173,120,255,20760,1
4317,173,120,255,20760,1
4365,174,120,255,20880,1
4366,174,120,255,20880,1
3810,174,120,255,20880,1
2478,179,159,255,28461,1
2354,177,158,255,27966,1
2354,177,158,255,27966,1
2437,178,157,255,27946,1
2437,178,157,255,27946,1
2454,178,162,255,28836,1
2454,178,162,255,28836,1
2376,178,160,255,28480,1
2376,178,160,255,28480,1
342,179,156,255,27924,1
342,179,156,255,27924,1
342,179,156,255,27924,1
342,179,156,255,27924,1
342,179,156,255,27924,1
342,179,156,255,27924,1
342,179,156,255,27924,1
342,179,156,255,27924,1
342,179,156,255,27924,1
342,179,156,255,27924,1
159,179,178,255,31862,1
159,179,178,255,31862,1
159,179,178,255,31862,1
159,179,178,255,31862,1
159,179,178,255,31862,1
159,179,178,255,31862,1
159,179,178,255,31862,1
159,179,178,255,31862,1
159,179,178,255,31862,1
853,177,152,255,26904,1
853,177,152,255,26904,1
853,177,152,255,26904,1
853,177,152,255,26904,1
853,177,152,255,26904,1
853,177,152,255,26904,1
853,177,152,255,26904,1
853,177,152,255,26904,1
853,177,152,255,26904,1
853,177,152,255,26904,1
1819,178,137,255,24386,1
1819,178,137,255,24386,1
1819,178,137,255,24386,1
1819,178,137,255,24386,1
1819,178,137,255,24386,1
1819,178,137,255,24386,1
1819,178,137,255,24386,1
1819,178,137,255,24386,1
1819,178,137,255,24386,1
1819,178,137,255,24386,1
2274,179,130,255,23270,1
2274,179,130,255,23270,1
2274,179,130,255,23270,1
2447,179,128,255,22912,1
2447,179,128,255,22912,1
2447,179,128,255,22912,1
2447,179,128,255,22912,1
2447,179,128,255,22912,1
2447,179,128,255,22912,1
2447,179,128,255,22912,1
1413,177,133,255,23541,1
1413,177,133,255,23541,1
1413,177,133,255,23541,1
1413,177,133,255,23541,1
1413,177,133,255,23541,1
1413,177,133,255,23541,1
1413,177,133,255,23541,1
1413,177,133,255,23541,1
1413,177,133,255,23541,1
433,176,127,255,22352,1
433,176,127,255,22352,1
433,176,127,255,22352,1
433,176,127,255,22352,1
433,176,127,255,22352,1
433,176,127,255,22352,1
433,176,127,255,22352,1
433,176,127,255,22352,1
433,176,127,255,22352,1
605,178,127,255,22606,1
605,178,127,255,22606,1
605,178,127,255,22606,1
605,178,127,255,22606,1
605,178,127,255,22606,1
605,178,127,255,22606,1
605,178,127,255,22606,1
605,178,127,255,22606,1
605,178,127,255,22606,1
605,178,127,255,22606,1
464,178,139,255,24742,1
464,178,139,255,24742,1
464,178,139,255,24742,1
464,178,139,255,24742,1
464,178,139,255,24742,1
464,178,139,255,24742,1
464,178,139,255,24742,1
464,178,139,255,24742,1
464,178,139,255,24742,1
464,178,139,255,24742,1
393,178,135,255,24030,1
393,178,135,255,24030,1
393,178,135,255,24030,1
393,178,135,255,24030,1
393,178,135,255,24030,1
393,178,135,255,24030,1
393,178,135,255,24030,1
393,178,135,255,24030,1
393,178,135,255,24030,1
393,178,135,255,24030,1
574,179,157,255,28103,1
574,179,157,255,28103,1
574,179,157,255,28103,1
574,179,157,255,28103,1
574,179,157,255,28103,1
574,179,157,255,28103,1
574,179,157,255,28103,1
574,179,157,255,28103,1
574,179,157,255,28103,1
177,179,170,255,30430,1
177,179,170,255,30430,1
177,179,170,255,30430,1
177,179,170,255,30430,1
177,179,170,255,30430,1
177,179,170,255,30430,1
177,179,170,255,30430,1
177,179,170,255,30430,1
452,179,124,125,22196,1
172,179,148,255,26492,1
172,179,148,255,26492,1
172,179,148,255,26492,1
172,179,148,255,26492,1
172,179,148,255,26492,1
172,179,148,255,26492,1
172,179,148,255,26492,1
172,179,148,255,26492,1
172,179,148,255,26492,1
172,179,148,255,26492,1
1261,178,145,255,25810,1
1261,178,145,255,25810,1
1261,178,145,255,25810,1
1261,178,145,255,25810,1
1261,178,145,255,25810,1
1261,178,145,255,25810,1
1261,178,145,255,25810,1
1261,178,145,255,25810,1
1261,178,145,255,25810,1
1261,178,145,255,25810,1
2162,179,134,255,23986,1
2162,179,134,255,23986,1
2162,179,134,255,23986,1
2162,179,134,255,23986,1
2162,179,134,255,23986,1
2162,179,134,255,23986,1
2162,179,134,255,23986,1
2162,179,134,255,23986,1
2162,179,134,255,23986,1
2162,179,134,255,23986,1
2983,179,133,255,23807,1
2709,179,137,255,24523,1
2709,179,137,255,24523,1
2709,179,137,255,24523,1
2709,179,137,255,24523,1
2709,179,137,255,24523,1
2709,179,137,255,24523,1
2709,179,137,255,24523,1
2709,179,137,255,24523,1
2709,179,137,255,24523,1
1462,178,155,255,27590,1
1462,178,155,255,27590,1
1462,178,155,255,27590,1
1462,178,155,255,27590,1
1462,178,155,255,27590,1
1462,178,155,255,27590,1
1462,178,155,255,27590,1
1462,178,155,255,27590,1
1462,178,155,255,27590,1
293,178,148,255,26344,1
293,178,148,255,26344,1
293,178,148,255,26344,1
293,178,148,255,26344,1
293,178,148,255,26344,1
293,178,148,255,26344,1
293,178,148,255,26344,1
293,178,148,255,26344,1
293,178,148,255,26344,1
357,178,138,255,24564,1
357,178,138,255,24564,1
357,178,138,255,24564,1
357,178,138,255,24564,1
357,178,138,255,24564,1
357,178,138,255,24564,1
357,178,138,255,24564,1
357,178,138,255,24564,1
357,178,138,255,24564,1
239,179,148,255,26492,1
239,179,148,255,26492,1
239,179,148,255,26492,1
239,179,148,255,26492,1
239,179,148,255,26492,1
239,179,148,255,26492,1
239,179,148,255,26492,1
239,179,148,255,26492,1
239,179,148,255,26492,1
239,179,148,255,26492,1
186,179,164,255,29356,1
186,179,164,255,29356,1
186,179,164,255,29356,1
186,179,164,255,29356,1
186,179,164,255,29356,1
186,179,164,255,29356,1
186,179,164,255,29356,1
186,179,164,255,29356,1
186,179,164,255,29356,1
185,179,164,255,29356,1
100,179,143,255,25597,1
100,179,143,255,25597,1
319,179,144,255,25776,1
319,179,144,255,25776,1
319,179,144,255,25776,1
108,179,142,255,25418,1
110,179,143,255,25597,1
193,179,162,251,28998,1
196,178,162,255,28836,1
155,178,158,245,28124,1
145,178,145,255,25810,1
146,178,147,255,26166,1
149,178,148,255,26344,1
193,178,150,255,26700,1
207,178,151,255,26878,1
193,178,150,255,26700,1
207,178,151,255,26878,1
245,178,153,255,27234,1
237,178,155,255,27590,1
253,178,156,255,27768,1
280,179,157,255,28103,1
264,178,129,255,22962,1
484,178,129,255,22962,1
803,179,131,255,23449,1
754,179,131,255,23449,1
786,179,130,255,23270,1
736,178,130,255,23140,1
1118,179,129,255,23091,1
406,179,128,255,22912,1
3379,176,128,255,22528,1
3379,176,128,255,22528,1
3379,176,128,255,22528,1
3379,176,128,255,22528,1
3379,176,128,255,22528,1
1230,177,123,255,21771,1
1230,177,123,255,21771,1
1230,177,123,255,21771,1
1230,177,123,255,21771,1
1230,177,123,255,21771,1
313,179,120,255,21480,1
313,179,120,255,21480,1
313,179,120,255,21480,1
313,179,120,255,21480,1
313,179,120,255,21480,1
313,179,120,255,21480,1
313,179,120,255,21480,1
313,179,120,255,21480,1
313,179,120,255,21480,1
302,178,121,255,21538,1
302,178,121,255,21538,1
302,178,121,255,21538,1
302,178,121,255,21538,1
302,178,121,255,21538,1
302,178,121,255,21538,1
302,178,121,255,21538,1
302,178,121,255,21538,1
181,179,123,255,22017,1
181,179,123,255,22017,1
181,179,123,255,22017,1
181,179,123,255,22017,1
181,179,123,255,22017,1
181,179,123,255,22017,1
181,179,123,255,22017,1
181,179,123,255,22017,1
181,179,123,255,22017,1
134,179,145,255,25955,1
134,179,145,255,25955,1
134,179,145,255,25955,1
134,179,145,255,25955,1
134,179,145,255,25955,1
134,179,145,255,25955,1
134,179,145,255,25955,1
134,179,145,255,25955,1
134,179,145,255,25955,1
1427,178,153,255,27234,1
1402,178,152,255,27056,1
1427,178,153,255,27234,1
1427,178,153,255,27234,1
1427,178,153,255,27234,1
1427,178,153,255,27234,1
1427,178,153,255,27234,1
1427,178,153,255,27234,1
1427,178,153,255,27234,1
1427,178,153,255,27234,1
3365,178,136,255,24208,1
3365,178,136,255,24208,1
3365,178,136,255,24208,1
3365,178,136,255,24208,1
3365,178,136,255,24208,1
3365,178,136,255,24208,1
1705,178,145,255,25810,1
1705,178,145,255,25810,1
1705,178,145,255,25810,1
230,176,132,255,23232,1
230,176,132,255,23232,1
230,176,132,255,23232,1
230,176,132,255,23232,1
230,176,132,255,23232,1
230,176,132,255,23232,1
230,176,132,255,23232,1
230,176,132,255,23232,1
67,177,133,255,23541,1
67,177,133,255,23541,1
67,177,133,255,23541,1
67,177,133,255,23541,1
67,177,133,255,23541,1
67,177,133,255,23541,1
67,177,133,255,23541,1
67,177,133,255,23541,1
67,177,133,255,23541,1
148,176,117,255,20592,1
148,176,117,255,20592,1
148,176,117,255,20592,1
148,176,117,255,20592,1
148,176,117,255,20592,1
148,176,117,255,20592,1
148,176,117,255,20592,1
148,176,117,255,20592,1
148,176,117,255,20592,1
1488,179,191,255,34189,1
1488,179,191,255,34189,1
1488,179,191,255,34189,1
1488,179,191,255,34189,1
1488,179,191,255,34189,1
1488,179,191,255,34189,1
1525,179,192,255,34368,1
1525,179,192,255,34368,1
1525,179,192,255,34368,1
2880,177,170,255,30090,1
2880,177,170,255,30090,1
2880,177,170,255,30090,1
2871,177,170,255,30090,1
2871,177,170,255,30090,1
2871,177,170,255,30090,1
2871,177,170,255,30090,1
2871,177,170,255,30090,1
2871,177,170,255,30090,1
2871,177,170,255,30090,1
6321,179,168,255,30072,1
6321,179,168,255,30072,1
